feedback_id,shipment_id,customer_id,rating,on_time_delivery,comments,feedback_date,channel
FBK000001,SHP000194,CUST00436,2,No,"Great service, will order again.",2026-04-18,App
FBK000002,SHP000073,CUST00528,5,NO,,2026-05-17,Website
FBK000003,SHP000297,CUST00578,2,NO,Driver was late by several hours.,2026-07-20,Website
FBK000004,SHP000233,CUST00365,2,No,Delivery was on time and package was in great condition.,2026-04-23,App
FBK000005,SHP000246,CUST00300,1,yes,Item arrived damaged.,2026-07-12,App
FBK000006,SHP001378,CUST00394,3,Yes,"Great service, will order again.",2026-05-01,Email Survey
FBK000007,SHP000193,CUST00147,1,yes,,2026-05-14,App
FBK000008,SHP001176,CUST00274,2,No,Item arrived damaged.,2026-08-16,Email Survey
FBK000009,SHP000069,CUST00070,6,No,Wrong item delivered.,2026-06-04,Website
FBK000010,SHP001220,CUST00265,-1,yes,,2026-04-23,App
FBK000011,SHP001453,CUST00031,3,yes,,2026-06-20,App
FBK000012,SHP000463,CUST00217,4,NO,,2026-07-18,App
FBK000013,SHP001090,CUST00120,2,Yes,Delivery was on time and package was in great condition.,2026-08-09,App
FBK000014,SHP001222,CUST00105,5,yes,"Great service, will order again.",2026-03-27,Call Center
FBK000015,SHP000727,CUST00360,4,Yes,,2026-06-19,Email Survey
FBK000016,SHP000713,CUST00342,2,Yes,,2026-05-16,Call Center
FBK000017,SHP000611,CUST00175,1,NO,"Great service, will order again.",2026-04-22,Website
FBK000018,SHP001155,CUST00167,4,Yes,Item arrived damaged.,2026-07-15,App
FBK000019,SHP000769,CUST00190,1,yes,,2026-06-06,Email Survey
FBK000020,SHP000786,CUST00100,3,Yes,,2026-03-24,App
FBK000021,SHP000321,CUST00144,4,yes,Wrong item delivered.,2026-08-09,Call Center
FBK000022,SHP001488,CUST00538,2,Yes,Wrong item delivered.,2026-06-14,Email Survey
FBK000023,SHP000613,CUST00597,3,NO,,2026-05-13,Call Center
FBK000024,SHP001042,CUST00375,3,Yes,"Great service, will order again.",2026-04-07,Call Center
FBK000025,SHP000135,CUST00060,-1,NO,Item arrived damaged.,2026-08-03,Website
FBK000026,SHP001080,CUST00404,5,No,,2026-04-27,Website
FBK000027,SHP000022,CUST00206,3,No,,2026-04-16,Call Center
FBK000028,SHP000752,CUST00202,5,NO,Delivery was on time and package was in great condition.,2026-06-29,Email Survey
FBK000029,SHP001436,CUST00448,5,No,,2026-04-07,App
FBK000030,SHP000628,CUST00219,5,Yes,Item arrived damaged.,2026-05-01,Call Center
FBK000031,SHP001488,CUST00439,4,Yes,,2026-07-16,Call Center
FBK000032,SHP000299,CUST00452,3,yes,,2026-04-27,App
FBK000033,SHP001394,CUST00561,1,yes,Wrong item delivered.,2026-03-20,Email Survey
FBK000034,SHP001242,CUST00297,2,NO,Item arrived damaged.,2026-06-05,Email Survey
FBK000035,SHP000896,CUST00191,5,yes,,2026-06-27,Email Survey
FBK000036,SHP000045,CUST00533,0,NO,Item arrived damaged.,2026-04-09,App
FBK000037,SHP000411,CUST00388,3,Yes,,2026-06-20,Email Survey
FBK000038,SHP001295,CUST00369,5,NO,Delivery was on time and package was in great condition.,2026-04-06,App
FBK000039,SHP001463,CUST00192,4,yes,,2026-03-19,Call Center
FBK000040,SHP000475,CUST00471,2,Yes,Wrong item delivered.,2026-05-09,App
FBK000041,SHP000561,CUST00301,1,yes,Item arrived damaged.,2026-04-17,Website
FBK000042,SHP001093,CUST00427,4,No,,2026-04-25,Website
FBK000043,SHP001481,CUST00336,1,NO,"Great service, will order again.",2026-07-16,Call Center
FBK000044,SHP000564,CUST00266,3,No,,2026-03-20,Email Survey
FBK000045,SHP000479,CUST00577,2,No,,2026-06-13,App
FBK000046,SHP000569,CUST00226,5,Yes,Delivery was on time and package was in great condition.,2026-05-17,App
FBK000047,SHP001205,CUST00035,1,Yes,Delivery was on time and package was in great condition.,2026-04-29,Email Survey
FBK000048,SHP001013,CUST00159,3,Yes,Item arrived damaged.,2026-04-28,Email Survey
FBK000049,SHP000012,CUST00187,4,Yes,Wrong item delivered.,2026-06-25,Email Survey
FBK000050,SHP001005,CUST00197,2,yes,"Great service, will order again.",2026-06-03,Call Center
FBK000051,SHP000131,CUST00144,1,NO,"Great service, will order again.",2026-03-21,Website
FBK000052,SHP000486,CUST00318,1,Yes,Item arrived damaged.,2026-05-31,Email Survey
FBK000053,SHP001110,CUST00548,4,NO,Delivery was on time and package was in great condition.,2026-07-26,App
FBK000054,SHP001352,CUST00433,3,yes,"Great service, will order again.",2026-05-07,Call Center
FBK000055,SHP001091,CUST00412,1,NO,,2026-04-16,Email Survey
FBK000056,SHP000905,CUST00078,3,Yes,,2026-04-10,App
FBK000057,SHP000364,CUST00266,4,NO,Item arrived damaged.,2026-07-24,App
FBK000058,SHP000468,CUST00408,5,Yes,Delivery was on time and package was in great condition.,2026-06-10,Website
FBK000059,SHP001353,CUST00460,4,yes,,2026-04-01,Email Survey
FBK000060,SHP000001,CUST00216,5,Yes,"Great service, will order again.",2026-03-27,App
FBK000061,SHP001488,CUST00243,2,Yes,,2026-08-15,Email Survey
FBK000062,SHP001189,CUST00282,4,Yes,Item arrived damaged.,2026-05-19,Call Center
FBK000063,SHP000956,CUST00312,4,No,Wrong item delivered.,2026-05-07,App
FBK000064,SHP001414,CUST00029,2,Yes,Driver was late by several hours.,2026-07-16,Website
FBK000065,SHP000413,CUST00346,2,yes,,2026-05-06,Email Survey
FBK000066,SHP001034,CUST00360,5,No,,2026-08-10,Website
FBK000067,SHP000360,CUST00155,4,Yes,"Great service, will order again.",2026-05-30,Call Center
FBK000068,SHP000703,CUST00099,3,No,Wrong item delivered.,2026-05-04,Call Center
FBK000069,SHP000864,CUST00204,1,yes,Driver was late by several hours.,2026-03-23,App
FBK000070,SHP001160,CUST00069,5,yes,,2026-06-30,Email Survey
FBK000071,SHP001110,CUST00389,3,Yes,Delivery was on time and package was in great condition.,2026-04-06,Call Center
FBK000072,SHP000862,CUST00397,4,NO,"Great service, will order again.",2026-04-29,App
FBK000073,SHP000407,CUST00087,1,yes,Driver was late by several hours.,2026-05-28,App
FBK000074,SHP000694,CUST00464,3,No,Wrong item delivered.,2026-05-09,Email Survey
FBK000075,SHP000645,CUST00408,1,NO,Item arrived damaged.,2026-08-10,Website
FBK000076,SHP000674,CUST00369,4,yes,,2026-06-16,Website
FBK000077,SHP000270,CUST00172,1,Yes,,2026-07-20,Website
FBK000078,SHP000564,CUST00014,3,NO,,2026-04-23,Call Center
FBK000079,SHP000221,CUST00416,2,No,Delivery was on time and package was in great condition.,2026-07-26,Call Center
FBK000080,SHP000744,CUST00245,4,yes,"Great service, will order again.",2026-07-09,Call Center
FBK000081,SHP000196,CUST00372,1,yes,Wrong item delivered.,2026-04-01,App
FBK000082,SHP000693,CUST00416,4,yes,Driver was late by several hours.,2026-06-12,Website
FBK000083,SHP000378,CUST00248,1,yes,Delivery was on time and package was in great condition.,2026-03-29,Website
FBK000084,SHP000623,CUST00009,5,yes,Item arrived damaged.,2026-03-21,Email Survey
FBK000085,SHP001108,CUST00513,5,No,,2026-07-06,Email Survey
FBK000086,SHP000570,CUST00494,2,yes,Wrong item delivered.,2026-07-23,Website
FBK000087,SHP001012,CUST00409,1,NO,,2026-05-30,Call Center
FBK000088,SHP001262,CUST00203,1,No,,2026-07-08,Email Survey
FBK000089,SHP000637,CUST00324,1,yes,Item arrived damaged.,2026-05-01,Call Center
FBK000090,SHP000664,CUST00018,4,No,Delivery was on time and package was in great condition.,2026-05-19,App
FBK000091,SHP000904,CUST00497,1,No,Wrong item delivered.,2026-07-12,Website
FBK000092,SHP001332,CUST00379,1,yes,,2026-06-15,Email Survey
FBK000093,SHP000602,CUST00561,-1,Yes,Item arrived damaged.,2026-07-05,Email Survey
FBK000094,SHP001215,CUST00193,3,No,Wrong item delivered.,2026-06-24,Email Survey
FBK000095,SHP000124,CUST00160,5,No,Delivery was on time and package was in great condition.,2026-06-28,App
FBK000096,SHP000109,CUST00584,4,NO,Item arrived damaged.,2026-04-04,App
FBK000097,SHP000420,CUST00029,3,NO,,2026-06-01,Call Center
FBK000098,SHP000162,CUST00110,2,yes,Item arrived damaged.,2026-04-27,Call Center
FBK000099,SHP000258,CUST00220,3,Yes,Driver was late by several hours.,2026-04-29,Website
FBK000100,SHP001497,CUST00488,1,yes,Wrong item delivered.,2026-04-28,Call Center
FBK000101,SHP001210,CUST00488,5,No,,2026-05-01,Email Survey
FBK000102,SHP000110,CUST00319,4,No,"Great service, will order again.",2026-03-31,Website
FBK000103,SHP000717,CUST00553,5,No,Item arrived damaged.,2026-04-19,Email Survey
FBK000104,SHP000718,CUST00331,5,yes,,2026-04-28,Website
FBK000105,SHP000205,CUST00099,2,yes,,2026-05-21,Website
FBK000106,SHP000753,CUST00292,5,yes,,2026-05-08,Email Survey
FBK000107,SHP000914,CUST00286,3,NO,Delivery was on time and package was in great condition.,2026-05-08,Email Survey
FBK000108,SHP000059,CUST00443,4,Yes,Item arrived damaged.,2026-06-01,App
FBK000109,SHP000257,CUST00408,2,NO,Item arrived damaged.,2026-04-19,Email Survey
FBK000110,SHP000641,CUST00383,3,yes,Wrong item delivered.,2026-06-19,Email Survey
FBK000111,SHP000430,CUST00057,3,NO,Wrong item delivered.,2026-04-01,Email Survey
FBK000112,SHP000544,CUST00186,3,Yes,Item arrived damaged.,2026-07-09,Email Survey
FBK000113,SHP000132,CUST00139,1,Yes,,2026-04-09,Email Survey
FBK000114,SHP000123,CUST00378,1,yes,"Great service, will order again.",2026-06-09,App
FBK000115,SHP000048,CUST00432,1,Yes,Item arrived damaged.,2026-04-09,Website
FBK000116,SHP001489,CUST00066,5,yes,,2026-06-26,App
FBK000117,SHP000209,CUST00317,1,NO,"Great service, will order again.",2026-06-23,Website
FBK000118,SHP000006,CUST00041,3,NO,,2026-05-22,Website
FBK000119,SHP000311,CUST00024,1,NO,,2026-05-28,Website
FBK000120,SHP001181,CUST00341,4,yes,Wrong item delivered.,2026-04-28,App
FBK000121,SHP000491,CUST00431,5,Yes,,2026-04-24,Call Center
FBK000122,SHP001480,CUST00169,1,NO,Item arrived damaged.,2026-06-10,Call Center
FBK000123,SHP000054,CUST00030,3,No,"Great service, will order again.",2026-07-20,Email Survey
FBK000124,SHP001183,CUST00110,4,Yes,Driver was late by several hours.,2026-06-16,Call Center
FBK000125,SHP001328,CUST00505,4,yes,Wrong item delivered.,2026-03-22,Website
FBK000126,SHP000441,CUST00303,4,NO,Item arrived damaged.,2026-07-09,Email Survey
FBK000127,SHP000658,CUST00573,1,NO,Driver was late by several hours.,2026-03-22,Email Survey
FBK000128,SHP000696,CUST00054,3,yes,Driver was late by several hours.,2026-04-06,App
FBK000129,SHP000249,CUST00063,1,Yes,,2026-08-09,Call Center
FBK000130,SHP001344,CUST00446,3,No,Driver was late by several hours.,2026-05-24,Call Center
FBK000131,SHP001059,CUST00198,2,NO,Item arrived damaged.,2026-04-19,App
FBK000132,SHP000639,CUST00058,4,Yes,,2026-05-25,Website
FBK000133,SHP001301,CUST00421,5,No,,2026-06-15,Website
FBK000134,SHP000929,CUST00168,3,NO,,2026-06-04,Email Survey
FBK000135,SHP000943,CUST00316,3,Yes,,2026-04-14,Call Center
FBK000136,SHP000725,CUST00370,4,NO,,2026-08-13,Call Center
FBK000137,SHP000414,CUST00111,2,Yes,Item arrived damaged.,2026-07-05,Website
FBK000138,SHP000384,CUST00427,4,Yes,Item arrived damaged.,2026-06-24,Website
FBK000139,SHP001066,CUST00294,4,No,Delivery was on time and package was in great condition.,2026-04-25,App
FBK000140,SHP001150,CUST00396,1,yes,,2026-07-16,Email Survey
FBK000141,SHP000182,CUST00271,3,No,Wrong item delivered.,2026-07-13,App
FBK000142,SHP001454,CUST00561,5,No,"Great service, will order again.",2026-06-28,App
FBK000143,SHP000571,CUST00058,4,Yes,"Great service, will order again.",2026-05-26,Call Center
FBK000144,SHP000888,CUST00069,3,No,,2026-05-08,Email Survey
FBK000145,SHP000758,CUST00270,1,No,Item arrived damaged.,2026-04-25,Email Survey
FBK000146,SHP000576,CUST00359,3,yes,Wrong item delivered.,2026-06-05,App
FBK000147,SHP000132,CUST00436,4,Yes,,2026-07-29,Website
FBK000148,SHP000030,CUST00149,1,yes,Driver was late by several hours.,2026-05-06,Email Survey
FBK000149,SHP000983,CUST00175,4,Yes,Delivery was on time and package was in great condition.,2026-03-24,App
FBK000150,SHP000184,CUST00079,1,yes,,2026-07-17,App
FBK000151,SHP000633,CUST00015,4,yes,Delivery was on time and package was in great condition.,2026-06-11,App
FBK000152,SHP000883,CUST00107,5,yes,Wrong item delivered.,2026-07-03,Call Center
FBK000153,SHP000474,CUST00264,4,yes,Item arrived damaged.,2026-04-25,App
FBK000154,SHP000109,CUST00419,3,NO,"Great service, will order again.",2026-06-24,Website
FBK000155,SHP000308,CUST00288,1,NO,,2026-04-24,Website
FBK000156,SHP001155,CUST00439,5,Yes,Item arrived damaged.,2026-07-31,Website
FBK000157,SHP000940,CUST00128,3,NO,Item arrived damaged.,2026-05-23,Email Survey
FBK000158,SHP000661,CUST00369,5,No,,2026-07-17,App
FBK000159,SHP001267,CUST00302,3,No,"Great service, will order again.",2026-04-11,Website
FBK000160,SHP000898,CUST00023,2,NO,,2026-06-16,App
FBK000161,SHP000949,CUST00361,2,NO,,2026-04-20,Website
FBK000162,SHP001283,CUST00467,1,No,,2026-07-24,Email Survey
FBK000163,SHP000138,CUST00192,5,NO,,2026-07-01,App
FBK000164,SHP001093,CUST00345,4,Yes,Driver was late by several hours.,2026-06-18,Call Center
FBK000165,SHP000441,CUST00224,0,NO,Delivery was on time and package was in great condition.,2026-07-14,Call Center
FBK000166,SHP000037,CUST00004,1,No,"Great service, will order again.",2026-03-20,Website
FBK000167,SHP000173,CUST00356,5,NO,,2026-04-12,App
FBK000168,SHP000136,CUST00018,1,Yes,,2026-04-13,Email Survey
FBK000169,SHP000655,CUST00168,3,yes,,2026-05-10,Email Survey
FBK000170,SHP000811,CUST00331,5,yes,Wrong item delivered.,2026-05-07,App
FBK000171,SHP000731,CUST00533,5,Yes,Wrong item delivered.,2026-07-15,Call Center
FBK000172,SHP000355,CUST00271,2,Yes,"Great service, will order again.",2026-03-30,Email Survey
FBK000173,SHP000113,CUST00279,1,No,,2026-04-10,App
FBK000174,SHP000309,CUST00438,1,yes,Delivery was on time and package was in great condition.,2026-06-29,Email Survey
FBK000175,SHP000668,CUST00381,5,yes,,2026-05-05,Call Center
FBK000176,SHP000939,CUST00381,1,Yes,,2026-06-18,Website
FBK000177,SHP001279,CUST00176,2,NO,"Great service, will order again.",2026-05-22,Call Center
FBK000178,SHP001126,CUST00573,5,NO,Delivery was on time and package was in great condition.,2026-03-20,Call Center
FBK000179,SHP001131,CUST00544,1,yes,Delivery was on time and package was in great condition.,2026-06-21,App
FBK000180,SHP000790,CUST00199,3,No,Driver was late by several hours.,2026-03-19,Website
FBK000181,SHP000733,CUST00110,4,No,,2026-06-16,Call Center
FBK000182,SHP000100,CUST00319,3,NO,Driver was late by several hours.,2026-05-09,Website
FBK000183,SHP001245,CUST00283,4,yes,,2026-06-30,Call Center
FBK000184,SHP001024,CUST00370,2,NO,,2026-05-10,App
FBK000185,SHP000858,CUST00332,5,NO,"Great service, will order again.",2026-08-12,Call Center
FBK000186,SHP000769,CUST00269,1,yes,,2026-07-23,App
FBK000187,SHP000236,CUST00118,4,Yes,,2026-06-24,Email Survey
FBK000188,SHP001265,CUST00283,4,NO,Item arrived damaged.,2026-07-06,App
FBK000189,SHP000452,CUST00042,3,Yes,Wrong item delivered.,2026-08-04,Email Survey
FBK000190,SHP000720,CUST00550,5,NO,,2026-07-07,Call Center
FBK000191,SHP000887,CUST00191,5,NO,,2026-04-25,Email Survey
FBK000192,SHP001495,CUST00139,4,yes,"Great service, will order again.",2026-07-16,Website
FBK000193,SHP000316,CUST00063,3,No,Delivery was on time and package was in great condition.,2026-04-05,App
FBK000194,SHP000259,CUST00245,5,Yes,Delivery was on time and package was in great condition.,2026-04-17,Website
FBK000195,SHP001148,CUST00198,2,NO,,2026-04-11,Call Center
FBK000196,SHP000268,CUST00322,5,No,Wrong item delivered.,2026-05-19,App
FBK000197,SHP000942,CUST00142,2,Yes,"Great service, will order again.",2026-05-14,Email Survey
FBK000198,SHP001137,CUST00553,2,yes,,2026-07-31,Website
FBK000199,SHP000853,CUST00404,5,No,,2026-07-25,Website
FBK000200,SHP000284,CUST00476,5,NO,,2026-04-06,Website
FBK000201,SHP000917,CUST00179,4,yes,Item arrived damaged.,2026-05-16,App
FBK000202,SHP000919,CUST00109,3,Yes,Wrong item delivered.,2026-08-09,Website
FBK000203,SHP001194,CUST00027,1,Yes,Wrong item delivered.,2026-05-31,Website
FBK000204,SHP001075,CUST00430,2,NO,"Great service, will order again.",2026-05-28,Email Survey
FBK000205,SHP000550,CUST00230,4,No,Driver was late by several hours.,2026-08-06,Email Survey
FBK000206,SHP001300,CUST00141,1,yes,Item arrived damaged.,2026-04-21,Email Survey
FBK000207,SHP000766,CUST00024,4,Yes,,2026-04-28,Call Center
FBK000208,SHP001091,CUST00033,3,Yes,Delivery was on time and package was in great condition.,2026-06-28,Call Center
FBK000209,SHP000310,CUST00407,1,yes,Driver was late by several hours.,2026-06-17,Email Survey
FBK000210,SHP001444,CUST00427,0,NO,"Great service, will order again.",2026-04-19,Email Survey
FBK000211,SHP000576,CUST00035,5,NO,,2026-05-29,Call Center
FBK000212,SHP000016,CUST00305,4,yes,Item arrived damaged.,2026-07-29,App
FBK000213,SHP001457,CUST00325,1,No,Item arrived damaged.,2026-08-10,Call Center
FBK000214,SHP001447,CUST00027,1,Yes,Wrong item delivered.,2026-04-25,Website
FBK000215,SHP000785,CUST00507,3,Yes,Wrong item delivered.,2026-06-11,App
FBK000216,SHP001117,CUST00459,5,yes,Wrong item delivered.,2026-04-05,Email Survey
FBK000217,SHP000979,CUST00350,4,NO,Driver was late by several hours.,2026-06-13,Call Center
FBK000218,SHP001212,CUST00137,1,yes,Item arrived damaged.,2026-07-28,App
FBK000219,SHP000111,CUST00535,1,NO,"Great service, will order again.",2026-08-13,Website
FBK000220,SHP000412,CUST00362,3,Yes,Wrong item delivered.,2026-08-16,Call Center
FBK000221,SHP001385,CUST00177,5,yes,Item arrived damaged.,2026-04-04,Email Survey
FBK000222,SHP000477,CUST00266,2,No,,2026-07-30,Call Center
FBK000223,SHP000416,CUST00469,4,NO,Delivery was on time and package was in great condition.,2026-03-21,Call Center
FBK000224,SHP000405,CUST00461,2,Yes,Delivery was on time and package was in great condition.,2026-04-14,Website
FBK000225,SHP001157,CUST00101,3,Yes,,2026-03-28,Email Survey
FBK000226,SHP001399,CUST00191,4,No,Wrong item delivered.,2026-04-21,Call Center
FBK000227,SHP001128,CUST00333,1,NO,"Great service, will order again.",2026-07-22,Website
FBK000228,SHP000555,CUST00509,3,NO,,2026-08-13,Email Survey
FBK000229,SHP001390,CUST00182,1,NO,,2026-03-27,App
FBK000230,SHP001245,CUST00016,5,yes,,2026-04-07,App
FBK000231,SHP001142,CUST00564,2,Yes,,2026-04-22,App
FBK000232,SHP001368,CUST00367,2,Yes,Driver was late by several hours.,2026-06-09,Call Center
FBK000233,SHP000074,CUST00433,3,Yes,,2026-03-25,App
FBK000234,SHP000113,CUST00503,5,yes,Driver was late by several hours.,2026-04-07,Website
FBK000235,SHP000727,CUST00294,2,No,,2026-04-13,Email Survey
FBK000236,SHP000566,CUST00131,1,yes,"Great service, will order again.",2026-05-01,App
FBK000237,SHP001135,CUST00445,3,No,Item arrived damaged.,2026-04-18,Website
FBK000238,SHP000923,CUST00038,2,yes,Item arrived damaged.,2026-04-01,App
FBK000239,SHP000962,CUST00333,5,Yes,Item arrived damaged.,2026-06-19,Website
FBK000240,SHP001059,CUST00318,5,Yes,,2026-07-31,Email Survey
FBK000241,SHP001035,CUST00049,5,No,,2026-04-15,Email Survey
FBK000242,SHP000547,CUST00008,5,No,Wrong item delivered.,2026-05-22,App
FBK000243,SHP000336,CUST00196,2,Yes,,2026-04-01,Call Center
FBK000244,SHP001316,CUST00201,2,No,Wrong item delivered.,2026-05-08,Email Survey
FBK000245,SHP000491,CUST00502,2,Yes,Item arrived damaged.,2026-06-24,App
FBK000246,SHP000942,CUST00418,3,No,Delivery was on time and package was in great condition.,2026-07-10,Call Center
FBK000247,SHP000928,CUST00257,2,No,"Great service, will order again.",2026-07-31,App
FBK000248,SHP000797,CUST00106,5,NO,,2026-04-06,Call Center
FBK000249,SHP000063,CUST00445,2,yes,,2026-04-23,App
FBK000250,SHP001283,CUST00285,2,No,Driver was late by several hours.,2026-05-18,App
FBK000251,SHP000865,CUST00357,4,NO,,2026-06-08,Website
FBK000252,SHP000481,CUST00538,1,NO,Wrong item delivered.,2026-06-11,Website
FBK000253,SHP000429,CUST00491,1,yes,"Great service, will order again.",2026-03-18,App
FBK000254,SHP000029,CUST00479,4,yes,Driver was late by several hours.,2026-04-28,App
FBK000255,SHP000372,CUST00306,1,NO,"Great service, will order again.",2026-05-10,Email Survey
FBK000256,SHP000357,CUST00200,2,Yes,Wrong item delivered.,2026-06-14,Website
FBK000257,SHP000377,CUST00400,3,yes,Item arrived damaged.,2026-05-13,Call Center
FBK000258,SHP000572,CUST00379,2,NO,Wrong item delivered.,2026-04-24,Email Survey
FBK000259,SHP000728,CUST00279,3,NO,,2026-05-23,App
FBK000260,SHP001233,CUST00526,1,Yes,Driver was late by several hours.,2026-07-12,Call Center
FBK000261,SHP000853,CUST00120,4,Yes,Item arrived damaged.,2026-07-30,Website
FBK000262,SHP000165,CUST00311,1,Yes,,2026-05-25,Email Survey
FBK000263,SHP001178,CUST00061,2,NO,"Great service, will order again.",2026-08-03,App
FBK000264,SHP000468,CUST00012,2,yes,,2026-04-19,App
FBK000265,SHP001113,CUST00215,2,yes,,2026-07-08,App
FBK000266,SHP000290,CUST00040,4,NO,,2026-06-27,Website
FBK000267,SHP000362,CUST00382,1,Yes,,2026-04-05,Website
FBK000268,SHP000640,CUST00116,2,Yes,Item arrived damaged.,2026-07-19,Call Center
FBK000269,SHP000968,CUST00025,5,NO,,2026-05-22,Call Center
FBK000270,SHP001224,CUST00386,1,No,Item arrived damaged.,2026-07-09,Call Center
FBK000271,SHP000337,CUST00222,4,yes,"Great service, will order again.",2026-06-20,App
FBK000272,SHP000271,CUST00295,1,yes,,2026-08-16,Call Center
FBK000273,SHP000219,CUST00037,2,NO,Driver was late by several hours.,2026-07-09,Call Center
FBK000274,SHP000385,CUST00531,1,No,Wrong item delivered.,2026-07-26,App
FBK000275,SHP000589,CUST00500,2,NO,Delivery was on time and package was in great condition.,2026-04-03,Call Center
FBK000276,SHP000360,CUST00312,3,No,"Great service, will order again.",2026-04-28,App
FBK000277,SHP000896,CUST00109,4,NO,,2026-06-20,App
FBK000278,SHP000666,CUST00107,3,Yes,Driver was late by several hours.,2026-03-22,Email Survey
FBK000279,SHP001032,CUST00144,5,No,,2026-07-26,Website
FBK000280,SHP000077,CUST00170,2,NO,"Great service, will order again.",2026-06-20,Website
FBK000281,SHP001303,CUST00443,2,NO,,2026-07-24,Email Survey
FBK000282,SHP000698,CUST00600,5,NO,Driver was late by several hours.,2026-05-18,Website
FBK000283,SHP000585,CUST00026,2,No,"Great service, will order again.",2026-05-17,Call Center
FBK000284,SHP000999,CUST00482,5,Yes,Wrong item delivered.,2026-05-16,App
FBK000285,SHP001430,CUST00353,1,Yes,Item arrived damaged.,2026-05-30,App
FBK000286,SHP001496,CUST00216,2,yes,Driver was late by several hours.,2026-06-19,Call Center
FBK000287,SHP000412,CUST00532,2,yes,,2026-05-09,Email Survey
FBK000288,SHP000930,CUST00241,4,Yes,Item arrived damaged.,2026-03-24,App
FBK000289,SHP000187,CUST00421,1,NO,,2026-04-18,App
FBK000290,SHP000788,CUST00239,3,NO,Delivery was on time and package was in great condition.,2026-07-29,Email Survey
FBK000291,SHP001104,CUST00512,3,NO,Driver was late by several hours.,2026-03-22,Website
FBK000292,SHP000622,CUST00151,1,NO,"Great service, will order again.",2026-07-03,Call Center
FBK000293,SHP000447,CUST00434,3,NO,Delivery was on time and package was in great condition.,2026-06-10,App
FBK000294,SHP000758,CUST00110,5,Yes,"Great service, will order again.",2026-07-07,Website
FBK000295,SHP000438,CUST00539,4,No,Wrong item delivered.,2026-05-26,Email Survey
FBK000296,SHP001246,CUST00307,2,No,,2026-04-15,App
FBK000297,SHP001335,CUST00419,4,NO,,2026-05-14,Call Center
FBK000298,SHP000055,CUST00479,4,Yes,Driver was late by several hours.,2026-07-04,Email Survey
FBK000299,SHP000861,CUST00367,5,No,Delivery was on time and package was in great condition.,2026-07-26,App
FBK000300,SHP000477,CUST00126,2,No,Delivery was on time and package was in great condition.,2026-04-04,Call Center
FBK000301,SHP001293,CUST00555,2,yes,Delivery was on time and package was in great condition.,2026-06-07,Call Center
FBK000302,SHP000976,CUST00449,4,yes,,2026-06-08,App
FBK000303,SHP001322,CUST00248,3,No,Delivery was on time and package was in great condition.,2026-06-25,Website
FBK000304,SHP000975,CUST00327,5,yes,"Great service, will order again.",2026-05-23,Email Survey
FBK000305,SHP000129,CUST00239,1,Yes,Delivery was on time and package was in great condition.,2026-07-01,App
FBK000306,SHP001272,CUST00452,5,NO,,2026-04-28,App
FBK000307,SHP001141,CUST00388,4,No,Item arrived damaged.,2026-04-25,Call Center
FBK000308,SHP001255,CUST00546,5,No,"Great service, will order again.",2026-06-19,App
FBK000309,SHP001303,CUST00077,4,Yes,,2026-03-29,Call Center
FBK000310,SHP000740,CUST00592,4,NO,,2026-04-24,Website
FBK000311,SHP000642,CUST00164,2,NO,"Great service, will order again.",2026-07-15,Website
FBK000312,SHP000344,CUST00123,3,Yes,Delivery was on time and package was in great condition.,2026-05-17,Email Survey
FBK000313,SHP000164,CUST00375,5,No,Item arrived damaged.,2026-07-26,Email Survey
FBK000314,SHP000966,CUST00086,2,Yes,Driver was late by several hours.,2026-06-13,App
FBK000315,SHP000763,CUST00208,4,No,,2026-08-09,Call Center
FBK000316,SHP000363,CUST00113,2,No,,2026-07-27,App
FBK000317,SHP000878,CUST00441,3,Yes,,2026-07-30,Website
FBK000318,SHP000366,CUST00465,5,Yes,Driver was late by several hours.,2026-07-19,Call Center
FBK000319,SHP001479,CUST00111,3,Yes,"Great service, will order again.",2026-05-05,Email Survey
FBK000320,SHP001423,CUST00210,1,No,,2026-05-22,Call Center
FBK000321,SHP001066,CUST00500,3,NO,,2026-07-18,App
FBK000322,SHP000690,CUST00143,4,No,,2026-07-21,Website
FBK000323,SHP001270,CUST00448,1,Yes,Delivery was on time and package was in great condition.,2026-05-30,Website
FBK000324,SHP000336,CUST00179,5,Yes,Wrong item delivered.,2026-05-31,Email Survey
FBK000325,SHP000621,CUST00240,4,NO,Item arrived damaged.,2026-03-20,Call Center
FBK000326,SHP001324,CUST00047,5,Yes,,2026-08-05,Website
FBK000327,SHP001298,CUST00424,2,Yes,,2026-04-18,Call Center
FBK000328,SHP000130,CUST00283,1,No,Delivery was on time and package was in great condition.,2026-06-25,Email Survey
FBK000329,SHP000607,CUST00057,2,yes,Driver was late by several hours.,2026-05-12,Call Center
FBK000330,SHP001231,CUST00394,4,yes,Item arrived damaged.,2026-08-10,Call Center
FBK000331,SHP001282,CUST00491,2,yes,Driver was late by several hours.,2026-07-07,Call Center
FBK000332,SHP000088,CUST00511,1,NO,Driver was late by several hours.,2026-04-29,App
FBK000333,SHP001290,CUST00099,1,NO,Delivery was on time and package was in great condition.,2026-05-02,Call Center
FBK000334,SHP000739,CUST00502,1,Yes,,2026-04-04,App
FBK000335,SHP000101,CUST00587,4,yes,,2026-05-15,App
FBK000336,SHP000295,CUST00494,5,NO,Driver was late by several hours.,2026-06-23,Email Survey
FBK000337,SHP000800,CUST00380,2,No,Driver was late by several hours.,2026-04-01,Email Survey
FBK000338,SHP000613,CUST00506,5,NO,Driver was late by several hours.,2026-06-21,Website
FBK000339,SHP001036,CUST00327,3,No,,2026-08-10,Website
FBK000340,SHP000224,CUST00329,2,Yes,,2026-08-11,Website
FBK000341,SHP000732,CUST00313,3,Yes,Wrong item delivered.,2026-07-31,Email Survey
FBK000342,SHP001272,CUST00397,4,yes,Delivery was on time and package was in great condition.,2026-04-20,Email Survey
FBK000343,SHP001248,CUST00544,1,No,Item arrived damaged.,2026-08-12,App
FBK000344,SHP000747,CUST00351,1,Yes,,2026-07-30,Call Center
FBK000345,SHP000587,CUST00471,1,NO,,2026-07-23,Call Center
FBK000346,SHP001272,CUST00115,1,yes,Delivery was on time and package was in great condition.,2026-04-02,Call Center
FBK000347,SHP000409,CUST00466,5,No,"Great service, will order again.",2026-08-01,Email Survey
FBK000348,SHP000588,CUST00330,4,yes,Item arrived damaged.,2026-07-15,Email Survey
FBK000349,SHP000276,CUST00084,2,No,Item arrived damaged.,2026-07-26,Email Survey
FBK000350,SHP001264,CUST00446,5,yes,,2026-07-30,Email Survey
FBK000351,SHP000878,CUST00222,5,NO,Wrong item delivered.,2026-06-13,Call Center
FBK000352,SHP000838,CUST00354,5,NO,Driver was late by several hours.,2026-05-24,Website
FBK000353,SHP001061,CUST00573,1,No,"Great service, will order again.",2026-06-09,Email Survey
FBK000354,SHP001185,CUST00252,1,yes,Driver was late by several hours.,2026-06-25,Email Survey
FBK000355,SHP000125,CUST00476,4,yes,Item arrived damaged.,2026-04-23,Website
FBK000356,SHP001351,CUST00206,5,No,Wrong item delivered.,2026-07-07,App
FBK000357,SHP001108,CUST00180,3,yes,Driver was late by several hours.,2026-06-02,Call Center
FBK000358,SHP000065,CUST00468,4,No,,2026-04-28,Email Survey
FBK000359,SHP000209,CUST00429,1,yes,Item arrived damaged.,2026-07-19,Email Survey
FBK000360,SHP000428,CUST00573,2,No,Wrong item delivered.,2026-07-21,Call Center
FBK000361,SHP000580,CUST00435,3,NO,Delivery was on time and package was in great condition.,2026-04-18,Website
FBK000362,SHP001091,CUST00132,4,NO,Item arrived damaged.,2026-06-17,Website
FBK000363,SHP001438,CUST00167,3,Yes,Driver was late by several hours.,2026-04-22,Email Survey
FBK000364,SHP001083,CUST00169,5,yes,,2026-07-14,Website
FBK000365,SHP000648,CUST00420,5,Yes,,2026-06-23,App
FBK000366,SHP000775,CUST00183,1,yes,,2026-04-12,Website
FBK000367,SHP001348,CUST00061,4,yes,Delivery was on time and package was in great condition.,2026-06-17,App
FBK000368,SHP000870,CUST00179,4,yes,,2026-06-12,Email Survey
FBK000369,SHP001290,CUST00442,5,Yes,,2026-06-03,Website
FBK000370,SHP000465,CUST00196,2,yes,,2026-05-25,Website
FBK000371,SHP001364,CUST00495,1,NO,"Great service, will order again.",2026-04-11,App
FBK000372,SHP000221,CUST00580,2,Yes,Wrong item delivered.,2026-08-01,App
FBK000373,SHP001156,CUST00479,4,yes,,2026-05-26,Email Survey
FBK000374,SHP000735,CUST00416,5,NO,,2026-06-26,Email Survey
FBK000375,SHP000364,CUST00153,4,yes,Delivery was on time and package was in great condition.,2026-05-29,Email Survey
FBK000376,SHP000702,CUST00021,1,Yes,Driver was late by several hours.,2026-03-20,App
FBK000377,SHP001264,CUST00134,4,yes,,2026-06-05,Email Survey
FBK000378,SHP000495,CUST00212,4,yes,"Great service, will order again.",2026-08-06,Email Survey
FBK000379,SHP000917,CUST00283,1,NO,,2026-07-23,Call Center
FBK000380,SHP001202,CUST00558,1,Yes,"Great service, will order again.",2026-05-08,Call Center
FBK000381,SHP001367,CUST00270,3,yes,Delivery was on time and package was in great condition.,2026-07-04,Website
FBK000382,SHP000792,CUST00097,4,No,,2026-07-12,Call Center
FBK000383,SHP000690,CUST00185,4,Yes,Wrong item delivered.,2026-04-26,Call Center
FBK000384,SHP001082,CUST00273,4,Yes,,2026-08-08,Website
FBK000385,SHP000320,CUST00201,1,No,,2026-04-19,App
FBK000386,SHP001385,CUST00116,2,NO,,2026-07-07,Website
FBK000387,SHP000696,CUST00318,5,Yes,Item arrived damaged.,2026-04-28,Website
FBK000388,SHP000071,CUST00197,5,yes,,2026-07-25,Website
FBK000389,SHP000751,CUST00426,1,yes,,2026-05-09,Call Center
FBK000390,SHP001364,CUST00534,1,NO,,2026-04-17,App
FBK000391,SHP000087,CUST00579,2,No,Delivery was on time and package was in great condition.,2026-05-05,Website
FBK000392,SHP001069,CUST00065,3,Yes,Driver was late by several hours.,2026-08-03,Website
FBK000393,SHP001481,CUST00007,0,yes,"Great service, will order again.",2026-05-10,App
FBK000394,SHP000393,CUST00255,1,No,Wrong item delivered.,2026-06-11,Call Center
FBK000395,SHP000298,CUST00146,5,yes,,2026-06-03,App
FBK000396,SHP000654,CUST00066,3,Yes,,2026-07-05,Email Survey
FBK000397,SHP000656,CUST00313,1,No,,2026-07-15,Website
FBK000398,SHP001150,CUST00054,2,No,Wrong item delivered.,2026-04-01,Call Center
FBK000399,SHP001189,CUST00342,2,NO,Item arrived damaged.,2026-08-14,Email Survey
FBK000400,SHP000260,CUST00315,4,Yes,Item arrived damaged.,2026-06-28,App
FBK000401,SHP001127,CUST00410,3,Yes,"Great service, will order again.",2026-07-31,Website
FBK000402,SHP001186,CUST00188,5,Yes,Driver was late by several hours.,2026-06-14,Call Center
FBK000403,SHP001028,CUST00150,5,yes,Wrong item delivered.,2026-04-03,Call Center
FBK000404,SHP001239,CUST00032,2,NO,"Great service, will order again.",2026-04-03,Email Survey
FBK000405,SHP001270,CUST00011,5,NO,"Great service, will order again.",2026-06-29,Call Center
FBK000406,SHP000195,CUST00443,4,NO,Item arrived damaged.,2026-07-14,Website
FBK000407,SHP001384,CUST00474,4,Yes,Wrong item delivered.,2026-06-10,App
FBK000408,SHP000093,CUST00355,2,NO,,2026-05-15,Call Center
FBK000409,SHP000267,CUST00441,1,No,,2026-07-11,App
FBK000410,SHP000572,CUST00079,3,No,,2026-04-25,Website
FBK000411,SHP001277,CUST00368,2,No,Delivery was on time and package was in great condition.,2026-07-15,Call Center
FBK000412,SHP001037,CUST00218,2,No,Delivery was on time and package was in great condition.,2026-06-15,App
FBK000413,SHP000889,CUST00591,2,NO,Wrong item delivered.,2026-05-17,Email Survey
FBK000414,SHP000938,CUST00043,1,yes,,2026-08-08,Call Center
FBK000415,SHP000231,CUST00061,4,No,,2026-07-21,Email Survey
FBK000416,SHP000027,CUST00249,5,yes,Delivery was on time and package was in great condition.,2026-07-22,Website
FBK000417,SHP001269,CUST00136,4,No,Item arrived damaged.,2026-06-07,App
FBK000418,SHP001010,CUST00218,1,yes,,2026-06-22,Website
FBK000419,SHP000452,CUST00229,5,No,,2026-04-12,Call Center
FBK000420,SHP000961,CUST00129,5,yes,"Great service, will order again.",2026-05-27,Call Center
FBK000421,SHP000091,CUST00408,3,yes,,2026-07-28,Email Survey
FBK000422,SHP000802,CUST00534,3,No,Delivery was on time and package was in great condition.,2026-06-09,App
FBK000423,SHP000182,CUST00518,1,Yes,,2026-08-03,App
FBK000424,SHP000047,CUST00158,4,yes,Wrong item delivered.,2026-03-23,Email Survey
FBK000425,SHP000343,CUST00338,5,No,"Great service, will order again.",2026-05-28,Call Center
FBK000426,SHP000146,CUST00127,2,No,Wrong item delivered.,2026-08-07,Call Center
FBK000427,SHP000997,CUST00107,3,NO,,2026-05-26,Website
FBK000428,SHP001199,CUST00079,4,Yes,Item arrived damaged.,2026-07-31,Website
FBK000429,SHP001289,CUST00541,2,Yes,,2026-05-12,App
FBK000430,SHP001115,CUST00215,2,NO,,2026-03-22,App
FBK000431,SHP000715,CUST00060,1,yes,Driver was late by several hours.,2026-08-02,App
FBK000432,SHP000745,CUST00220,3,yes,,2026-04-20,Call Center
FBK000433,SHP001075,CUST00141,4,No,,2026-07-14,Email Survey
FBK000434,SHP001310,CUST00562,3,No,,2026-04-06,Email Survey
FBK000435,SHP000614,CUST00098,2,Yes,Driver was late by several hours.,2026-05-11,App
FBK000436,SHP000732,CUST00034,5,NO,,2026-04-28,Call Center
FBK000437,SHP000756,CUST00438,3,Yes,,2026-07-10,App
FBK000438,SHP001191,CUST00467,3,Yes,Delivery was on time and package was in great condition.,2026-06-28,Call Center
FBK000439,SHP000892,CUST00031,3,yes,,2026-05-30,Call Center
FBK000440,SHP001111,CUST00203,1,Yes,,2026-05-20,Website
FBK000441,SHP001313,CUST00145,3,yes,,2026-03-25,Email Survey
FBK000442,SHP000879,CUST00134,5,No,,2026-03-25,Call Center
FBK000443,SHP001487,CUST00176,5,NO,Delivery was on time and package was in great condition.,2026-04-25,Email Survey
FBK000444,SHP000011,CUST00154,3,yes,,2026-04-10,Email Survey
FBK000445,SHP000199,CUST00060,2,Yes,,2026-06-15,Email Survey
FBK000446,SHP001336,CUST00476,2,NO,,2026-06-26,App
FBK000447,SHP000381,CUST00095,5,NO,Wrong item delivered.,2026-03-25,App
FBK000448,SHP000772,CUST00083,2,yes,Item arrived damaged.,2026-05-29,Website
FBK000449,SHP000690,CUST00284,4,NO,,2026-05-08,Call Center
FBK000450,SHP000341,CUST00443,5,NO,,2026-04-22,Website
FBK000451,SHP000428,CUST00204,3,Yes,Wrong item delivered.,2026-03-19,Website
FBK000452,SHP001345,CUST00321,1,NO,,2026-06-27,App
FBK000453,SHP000527,CUST00314,5,NO,,2026-04-08,Call Center
FBK000454,SHP000572,CUST00157,4,Yes,Wrong item delivered.,2026-05-11,Email Survey
FBK000455,SHP001382,CUST00349,3,yes,Item arrived damaged.,2026-06-18,Call Center
FBK000456,SHP000444,CUST00185,4,Yes,Wrong item delivered.,2026-04-30,Call Center
FBK000457,SHP000855,CUST00528,1,No,Item arrived damaged.,2026-04-08,App
FBK000458,SHP000204,CUST00259,1,No,,2026-08-05,Website
FBK000459,SHP000683,CUST00207,1,No,,2026-05-03,Call Center
FBK000460,SHP000710,CUST00175,2,NO,Wrong item delivered.,2026-04-19,Website
FBK000461,SHP000467,CUST00564,1,Yes,Driver was late by several hours.,2026-03-20,Call Center
FBK000462,SHP000201,CUST00092,4,Yes,Delivery was on time and package was in great condition.,2026-05-14,App
FBK000463,SHP000785,CUST00597,3,No,Item arrived damaged.,2026-05-20,Email Survey
FBK000464,SHP000031,CUST00076,2,Yes,Driver was late by several hours.,2026-05-16,App
FBK000465,SHP000001,CUST00550,3,yes,,2026-03-28,Email Survey
FBK000466,SHP000468,CUST00597,2,Yes,Item arrived damaged.,2026-07-22,Email Survey
FBK000467,SHP001257,CUST00305,5,yes,,2026-08-09,Call Center
FBK000468,SHP000263,CUST00359,2,yes,"Great service, will order again.",2026-07-10,Website
FBK000469,SHP001019,CUST00069,5,yes,,2026-04-29,App
FBK000470,SHP000535,CUST00298,5,No,"Great service, will order again.",2026-03-23,App
FBK000471,SHP000774,CUST00419,1,Yes,Item arrived damaged.,2026-08-11,Website
FBK000472,SHP000736,CUST00462,1,No,,2026-06-13,Website
FBK000473,SHP000910,CUST00598,4,yes,Wrong item delivered.,2026-07-02,Email Survey
FBK000474,SHP000251,CUST00291,1,NO,Delivery was on time and package was in great condition.,2026-05-13,App
FBK000475,SHP000651,CUST00024,4,No,,2026-08-04,App
FBK000476,SHP000317,CUST00455,5,yes,"Great service, will order again.",2026-06-08,Email Survey
FBK000477,SHP001487,CUST00429,2,yes,,2026-04-08,App
FBK000478,SHP001105,CUST00480,4,NO,Driver was late by several hours.,2026-07-15,Website
FBK000479,SHP000010,CUST00523,5,Yes,Item arrived damaged.,2026-05-04,Website
FBK000480,SHP000524,CUST00203,5,yes,Item arrived damaged.,2026-05-10,Call Center
FBK000481,SHP001360,CUST00084,5,Yes,,2026-07-24,Website
FBK000482,SHP000291,CUST00188,4,No,,2026-08-12,Call Center
FBK000483,SHP000737,CUST00312,5,yes,Wrong item delivered.,2026-08-02,Email Survey
FBK000484,SHP001081,CUST00199,2,No,,2026-07-27,Website
FBK000485,SHP001231,CUST00044,2,NO,"Great service, will order again.",2026-04-01,App
FBK000486,SHP000719,CUST00404,4,No,,2026-05-21,App
FBK000487,SHP000634,CUST00212,4,yes,,2026-08-11,Website
FBK000488,SHP000670,CUST00186,5,No,Item arrived damaged.,2026-06-03,Email Survey
FBK000489,SHP000213,CUST00505,1,Yes,Delivery was on time and package was in great condition.,2026-05-03,Website
FBK000490,SHP000925,CUST00306,1,No,Delivery was on time and package was in great condition.,2026-04-27,App
FBK000491,SHP000483,CUST00154,2,Yes,Wrong item delivered.,2026-05-09,Website
FBK000492,SHP000504,CUST00218,4,Yes,Item arrived damaged.,2026-06-17,App
FBK000493,SHP000342,CUST00027,1,Yes,Delivery was on time and package was in great condition.,2026-07-03,Email Survey
FBK000494,SHP000184,CUST00347,5,No,Wrong item delivered.,2026-08-06,Email Survey
FBK000495,SHP001428,CUST00055,2,NO,Item arrived damaged.,2026-04-12,Website
FBK000496,SHP001322,CUST00104,1,yes,,2026-05-10,Website
FBK000497,SHP000979,CUST00001,2,yes,Item arrived damaged.,2026-05-31,Email Survey
FBK000498,SHP000241,CUST00456,3,yes,Delivery was on time and package was in great condition.,2026-04-02,Email Survey
FBK000499,SHP000966,CUST00235,1,Yes,,2026-04-20,Website
FBK000500,SHP000346,CUST00414,5,NO,Delivery was on time and package was in great condition.,2026-05-16,App
FBK000501,SHP001437,CUST00367,3,Yes,Delivery was on time and package was in great condition.,2026-06-04,Call Center
FBK000502,SHP000755,CUST00230,5,Yes,,2026-04-14,Website
FBK000503,SHP001349,CUST00106,5,Yes,"Great service, will order again.",2026-07-12,Call Center
FBK000504,SHP001387,CUST00167,3,NO,Delivery was on time and package was in great condition.,2026-06-14,Website
FBK000505,SHP001258,CUST00456,5,yes,Driver was late by several hours.,2026-03-30,App
FBK000506,SHP000537,CUST00189,4,NO,,2026-04-28,Call Center
FBK000507,SHP000779,CUST00597,3,yes,"Great service, will order again.",2026-07-28,Website
FBK000508,SHP000099,CUST00473,3,NO,Wrong item delivered.,2026-05-18,Call Center
FBK000509,SHP001373,CUST00080,5,No,,2026-08-07,Email Survey
FBK000510,SHP000572,CUST00023,1,No,Driver was late by several hours.,2026-06-13,Email Survey
FBK000511,SHP000230,CUST00403,1,Yes,"Great service, will order again.",2026-08-05,Email Survey
FBK000512,SHP001097,CUST00024,3,Yes,,2026-07-11,App
FBK000513,SHP000850,CUST00068,5,No,,2026-06-09,Website
FBK000514,SHP001016,CUST00120,1,NO,Item arrived damaged.,2026-08-16,App
FBK000515,SHP000806,CUST00514,3,NO,Driver was late by several hours.,2026-05-13,Call Center
FBK000516,SHP000826,CUST00500,4,NO,,2026-06-07,Call Center
FBK000517,SHP001287,CUST00004,4,No,Wrong item delivered.,2026-06-16,App
FBK000518,SHP000231,CUST00312,1,Yes,Wrong item delivered.,2026-07-24,Email Survey
FBK000519,SHP001288,CUST00354,3,No,Item arrived damaged.,2026-05-25,Email Survey
FBK000520,SHP000146,CUST00082,2,yes,,2026-06-06,Call Center
FBK000521,SHP000761,CUST00181,5,No,Item arrived damaged.,2026-08-02,App
FBK000522,SHP000807,CUST00475,2,NO,Driver was late by several hours.,2026-07-05,Email Survey
FBK000523,SHP000410,CUST00263,5,No,"Great service, will order again.",2026-05-06,App
FBK000524,SHP001391,CUST00053,4,yes,,2026-06-10,Website
FBK000525,SHP000856,CUST00393,3,No,Delivery was on time and package was in great condition.,2026-06-19,Website
FBK000526,SHP000189,CUST00443,4,No,Wrong item delivered.,2026-07-06,Email Survey
FBK000527,SHP001384,CUST00490,2,No,Delivery was on time and package was in great condition.,2026-04-17,Call Center
FBK000528,SHP001040,CUST00526,3,NO,"Great service, will order again.",2026-08-09,App
FBK000529,SHP001218,CUST00600,2,No,,2026-05-19,App
FBK000530,SHP000862,CUST00309,4,No,Wrong item delivered.,2026-03-28,Call Center
FBK000531,SHP000392,CUST00325,2,yes,Driver was late by several hours.,2026-07-17,App
FBK000532,SHP001440,CUST00234,2,Yes,,2026-04-07,Call Center
FBK000533,SHP000087,CUST00573,2,No,,2026-08-12,Email Survey
FBK000534,SHP000433,CUST00591,6,Yes,Delivery was on time and package was in great condition.,2026-03-31,App
FBK000535,SHP000638,CUST00540,1,No,Delivery was on time and package was in great condition.,2026-07-14,Website
FBK000536,SHP000545,CUST00327,1,yes,,2026-05-24,App
FBK000537,SHP001432,CUST00150,0,NO,Item arrived damaged.,2026-04-06,Email Survey
FBK000538,SHP001018,CUST00148,3,No,,2026-08-04,Call Center
FBK000539,SHP000768,CUST00273,1,Yes,,2026-06-04,Call Center
FBK000540,SHP000349,CUST00255,4,yes,Wrong item delivered.,2026-04-25,Email Survey
FBK000541,SHP000062,CUST00192,1,NO,Delivery was on time and package was in great condition.,2026-07-07,App
FBK000542,SHP001050,CUST00442,3,Yes,Item arrived damaged.,2026-07-30,Email Survey
FBK000543,SHP001336,CUST00047,4,yes,,2026-05-03,App
FBK000544,SHP000644,CUST00357,3,yes,,2026-08-14,Email Survey
FBK000545,SHP000927,CUST00328,6,No,Item arrived damaged.,2026-05-04,Email Survey
FBK000546,SHP000484,CUST00379,1,Yes,Item arrived damaged.,2026-04-12,Call Center
FBK000547,SHP001107,CUST00125,4,No,Item arrived damaged.,2026-08-03,Email Survey
FBK000548,SHP000608,CUST00093,2,yes,Item arrived damaged.,2026-05-01,App
FBK000549,SHP001059,CUST00275,5,yes,,2026-04-02,Website
FBK000550,SHP000995,CUST00328,1,yes,Driver was late by several hours.,2026-08-07,Email Survey
FBK000551,SHP000012,CUST00317,2,NO,Driver was late by several hours.,2026-08-05,Website
FBK000552,SHP001399,CUST00460,5,yes,,2026-04-02,Website
FBK000553,SHP000739,CUST00275,4,Yes,"Great service, will order again.",2026-05-26,Website
FBK000554,SHP001432,CUST00290,2,NO,,2026-03-21,Website
FBK000555,SHP000007,CUST00420,-1,Yes,,2026-06-23,Website
FBK000556,SHP001274,CUST00068,5,Yes,,2026-04-21,Website
FBK000557,SHP000629,CUST00391,3,No,Driver was late by several hours.,2026-06-13,Email Survey
FBK000558,SHP000782,CUST00119,5,No,Item arrived damaged.,2026-06-22,Email Survey
FBK000559,SHP000044,CUST00150,2,No,"Great service, will order again.",2026-04-25,Email Survey
FBK000560,SHP001400,CUST00354,5,NO,,2026-03-29,Call Center
FBK000561,SHP001402,CUST00330,3,yes,Driver was late by several hours.,2026-05-06,App
FBK000562,SHP000042,CUST00031,2,NO,Item arrived damaged.,2026-06-13,Call Center
FBK000563,SHP001212,CUST00115,1,yes,Wrong item delivered.,2026-04-09,Website
FBK000564,SHP001437,CUST00317,1,NO,,2026-05-26,Call Center
FBK000565,SHP000531,CUST00135,1,NO,,2026-06-10,Website
FBK000566,SHP000266,CUST00270,3,NO,"Great service, will order again.",2026-08-04,Call Center
FBK000567,SHP001029,CUST00517,1,Yes,"Great service, will order again.",2026-05-04,App
FBK000568,SHP000564,CUST00547,1,NO,,2026-07-28,App
FBK000569,SHP000529,CUST00206,2,No,Wrong item delivered.,2026-06-23,Call Center
FBK000570,SHP001187,CUST00335,1,Yes,,2026-05-05,Website
FBK000571,SHP000646,CUST00176,5,NO,,2026-03-28,App
FBK000572,SHP000582,CUST00511,5,yes,"Great service, will order again.",2026-07-08,Email Survey
FBK000573,SHP000586,CUST00387,1,No,Driver was late by several hours.,2026-07-11,Call Center
FBK000574,SHP001380,CUST00086,6,Yes,Delivery was on time and package was in great condition.,2026-08-15,Email Survey
FBK000575,SHP000296,CUST00014,1,yes,Wrong item delivered.,2026-08-11,Call Center
FBK000576,SHP000088,CUST00351,1,NO,Item arrived damaged.,2026-05-02,Email Survey
FBK000577,SHP000632,CUST00335,2,NO,"Great service, will order again.",2026-04-27,Website
FBK000578,SHP000255,CUST00448,2,Yes,"Great service, will order again.",2026-05-19,Website
FBK000579,SHP001189,CUST00592,3,Yes,Item arrived damaged.,2026-05-26,Call Center
FBK000580,SHP001039,CUST00412,5,No,Delivery was on time and package was in great condition.,2026-03-30,Website
FBK000581,SHP000474,CUST00237,2,No,Wrong item delivered.,2026-03-20,Email Survey
FBK000582,SHP000675,CUST00244,1,No,"Great service, will order again.",2026-06-13,Website
FBK000583,SHP001156,CUST00003,3,Yes,Driver was late by several hours.,2026-05-27,Email Survey
FBK000584,SHP000747,CUST00460,3,No,,2026-05-25,Call Center
FBK000585,SHP001363,CUST00283,3,Yes,Item arrived damaged.,2026-06-11,App
FBK000586,SHP000879,CUST00052,3,No,Delivery was on time and package was in great condition.,2026-07-31,App
FBK000587,SHP001349,CUST00294,3,NO,"Great service, will order again.",2026-06-04,App
FBK000588,SHP001125,CUST00023,1,No,,2026-06-30,Email Survey
FBK000589,SHP000632,CUST00038,1,NO,,2026-08-15,Email Survey
FBK000590,SHP000772,CUST00173,5,No,Delivery was on time and package was in great condition.,2026-03-23,Call Center
FBK000591,SHP000560,CUST00369,2,yes,,2026-07-24,Email Survey
FBK000592,SHP001492,CUST00125,1,Yes,,2026-07-15,App
FBK000593,SHP000265,CUST00233,2,NO,Wrong item delivered.,2026-06-28,Call Center
FBK000594,SHP000085,CUST00101,4,No,,2026-05-16,App
FBK000595,SHP001074,CUST00028,3,Yes,Delivery was on time and package was in great condition.,2026-08-12,Email Survey
FBK000596,SHP000409,CUST00200,1,Yes,"Great service, will order again.",2026-07-03,Email Survey
FBK000597,SHP001482,CUST00503,1,No,Driver was late by several hours.,2026-08-14,Call Center
FBK000598,SHP000720,CUST00054,4,Yes,Wrong item delivered.,2026-07-15,Email Survey
FBK000599,SHP001396,CUST00328,2,No,,2026-05-27,Website
FBK000600,SHP000742,CUST00499,2,NO,,2026-04-07,Call Center
FBK000601,SHP000060,CUST00508,2,No,"Great service, will order again.",2026-06-30,Call Center
FBK000602,SHP000028,CUST00504,1,NO,Delivery was on time and package was in great condition.,2026-08-17,Call Center
FBK000603,SHP000027,CUST00053,5,Yes,,2026-05-13,Email Survey
FBK000604,SHP000426,CUST00285,4,yes,,2026-07-21,Website
FBK000605,SHP000051,CUST00243,5,No,,2026-04-18,App
FBK000606,SHP000024,CUST00234,3,No,"Great service, will order again.",2026-04-16,Call Center
FBK000607,SHP000376,CUST00565,3,Yes,,2026-07-14,Website
FBK000608,SHP001313,CUST00225,1,Yes,,2026-06-22,Call Center
FBK000609,SHP000581,CUST00431,3,No,,2026-05-17,Email Survey
FBK000610,SHP001038,CUST00321,4,Yes,,2026-03-18,Call Center
FBK000611,SHP001343,CUST00055,2,yes,Wrong item delivered.,2026-05-13,Call Center
FBK000612,SHP000259,CUST00388,3,NO,Driver was late by several hours.,2026-08-11,Website
FBK000613,SHP001016,CUST00532,4,yes,,2026-04-28,Email Survey
FBK000614,SHP001374,CUST00326,3,No,"Great service, will order again.",2026-05-08,App
FBK000615,SHP001333,CUST00467,2,Yes,Wrong item delivered.,2026-05-26,Website
FBK000616,SHP001256,CUST00518,4,No,,2026-07-10,App
FBK000617,SHP001398,CUST00581,5,Yes,Driver was late by several hours.,2026-05-25,App
FBK000618,SHP001406,CUST00291,3,Yes,"Great service, will order again.",2026-08-11,Website
FBK000619,SHP000047,CUST00324,6,NO,Delivery was on time and package was in great condition.,2026-07-21,App
FBK000620,SHP000082,CUST00520,3,Yes,Item arrived damaged.,2026-03-29,Call Center
FBK000621,SHP000464,CUST00380,4,yes,"Great service, will order again.",2026-08-17,App
FBK000622,SHP000591,CUST00291,3,NO,Delivery was on time and package was in great condition.,2026-04-03,Website
FBK000623,SHP001438,CUST00231,5,yes,Item arrived damaged.,2026-04-16,App
FBK000624,SHP001348,CUST00100,5,NO,Wrong item delivered.,2026-05-11,App
FBK000625,SHP000048,CUST00467,1,Yes,"Great service, will order again.",2026-04-23,Website
FBK000626,SHP000371,CUST00052,5,yes,,2026-04-01,Email Survey
FBK000627,SHP001369,CUST00549,1,yes,Driver was late by several hours.,2026-06-07,Website
FBK000628,SHP000128,CUST00552,1,yes,Delivery was on time and package was in great condition.,2026-03-30,Call Center
FBK000629,SHP000160,CUST00160,3,Yes,,2026-03-29,Website
FBK000630,SHP001421,CUST00432,5,yes,,2026-03-22,Website
FBK000631,SHP001117,CUST00449,5,No,"Great service, will order again.",2026-05-01,Email Survey
FBK000632,SHP001372,CUST00591,2,No,Wrong item delivered.,2026-04-27,Website
FBK000633,SHP001264,CUST00097,4,No,,2026-06-08,App
FBK000634,SHP001184,CUST00479,2,NO,,2026-03-29,Website
FBK000635,SHP000269,CUST00209,1,No,"Great service, will order again.",2026-04-16,Call Center
FBK000636,SHP000142,CUST00038,1,NO,,2026-07-14,Email Survey
FBK000637,SHP000963,CUST00376,4,No,,2026-05-26,Email Survey
FBK000638,SHP001038,CUST00412,2,yes,,2026-04-03,Email Survey
FBK000639,SHP000310,CUST00432,3,Yes,"Great service, will order again.",2026-06-20,Website
FBK000640,SHP000444,CUST00519,5,Yes,,2026-07-25,Email Survey
FBK000641,SHP000218,CUST00230,3,NO,,2026-06-22,Email Survey
FBK000642,SHP000388,CUST00063,1,NO,,2026-07-25,Call Center
FBK000643,SHP001473,CUST00197,5,NO,,2026-05-22,Website
FBK000644,SHP000033,CUST00435,5,Yes,Wrong item delivered.,2026-05-01,Call Center
FBK000645,SHP001335,CUST00543,5,Yes,,2026-04-13,App
FBK000646,SHP000688,CUST00179,5,yes,Item arrived damaged.,2026-08-05,App
FBK000647,SHP000016,CUST00585,3,No,,2026-06-23,Call Center
FBK000648,SHP000949,CUST00139,3,Yes,Delivery was on time and package was in great condition.,2026-05-20,Call Center
FBK000649,SHP000569,CUST00385,1,Yes,,2026-08-01,Website
FBK000650,SHP000190,CUST00203,2,No,,2026-07-15,App
FBK000651,SHP000935,CUST00314,3,No,Driver was late by several hours.,2026-05-31,Call Center
FBK000652,SHP000527,CUST00517,2,NO,Delivery was on time and package was in great condition.,2026-07-28,Email Survey
FBK000653,SHP000053,CUST00320,1,NO,,2026-05-11,App
FBK000654,SHP001311,CUST00246,1,No,,2026-04-24,Website
FBK000655,SHP001368,CUST00009,2,NO,"Great service, will order again.",2026-08-02,App
FBK000656,SHP001029,CUST00169,1,Yes,Driver was late by several hours.,2026-03-19,Call Center
FBK000657,SHP001379,CUST00398,3,yes,,2026-06-23,Website
FBK000658,SHP000691,CUST00357,5,yes,Driver was late by several hours.,2026-05-15,Call Center
FBK000659,SHP001398,CUST00499,2,No,,2026-08-17,Website
FBK000660,SHP000516,CUST00106,3,No,Driver was late by several hours.,2026-05-23,Email Survey
FBK000661,SHP000845,CUST00164,2,Yes,Item arrived damaged.,2026-06-27,Website
FBK000662,SHP000479,CUST00257,3,yes,Driver was late by several hours.,2026-07-28,Call Center
FBK000663,SHP000992,CUST00095,5,NO,Driver was late by several hours.,2026-06-07,Call Center
FBK000664,SHP000281,CUST00300,-1,No,Delivery was on time and package was in great condition.,2026-08-01,App
FBK000665,SHP000725,CUST00088,4,NO,Item arrived damaged.,2026-05-22,Call Center
FBK000666,SHP000553,CUST00530,4,yes,Driver was late by several hours.,2026-04-14,Call Center
FBK000667,SHP000186,CUST00087,2,No,Item arrived damaged.,2026-07-07,App
FBK000668,SHP000509,CUST00159,3,yes,,2026-07-07,Call Center
FBK000669,SHP000195,CUST00405,5,Yes,,2026-07-21,Call Center
FBK000670,SHP000047,CUST00059,1,yes,Wrong item delivered.,2026-05-14,Website
FBK000671,SHP001272,CUST00109,1,No,Wrong item delivered.,2026-07-11,App
FBK000672,SHP001337,CUST00435,1,Yes,Delivery was on time and package was in great condition.,2026-03-23,App
FBK000673,SHP000215,CUST00320,5,Yes,"Great service, will order again.",2026-06-18,Website
FBK000674,SHP000571,CUST00095,1,No,"Great service, will order again.",2026-06-11,App
FBK000675,SHP001293,CUST00203,1,Yes,,2026-08-06,Call Center
FBK000676,SHP001097,CUST00233,2,Yes,,2026-08-04,Email Survey
FBK000677,SHP000072,CUST00448,1,No,,2026-04-16,App
FBK000678,SHP000166,CUST00405,3,No,"Great service, will order again.",2026-06-20,App
FBK000679,SHP000039,CUST00533,3,No,Item arrived damaged.,2026-06-04,Call Center
FBK000680,SHP001160,CUST00477,3,No,"Great service, will order again.",2026-03-22,Call Center
FBK000681,SHP000881,CUST00162,5,NO,Delivery was on time and package was in great condition.,2026-04-08,Website
FBK000682,SHP001241,CUST00343,4,No,Item arrived damaged.,2026-04-28,Email Survey
FBK000683,SHP001299,CUST00476,5,No,"Great service, will order again.",2026-06-28,Website
FBK000684,SHP000351,CUST00281,2,Yes,Wrong item delivered.,2026-06-18,Call Center
FBK000685,SHP001369,CUST00492,2,No,Wrong item delivered.,2026-07-12,Call Center
FBK000686,SHP000491,CUST00582,4,No,,2026-03-29,App
FBK000687,SHP000752,CUST00593,4,NO,,2026-04-08,Call Center
FBK000688,SHP001346,CUST00228,1,Yes,"Great service, will order again.",2026-03-28,Call Center
FBK000689,SHP000898,CUST00509,5,No,Driver was late by several hours.,2026-05-14,Call Center
FBK000690,SHP000590,CUST00157,4,Yes,"Great service, will order again.",2026-08-06,Email Survey
FBK000691,SHP000724,CUST00368,3,No,"Great service, will order again.",2026-04-21,Website
FBK000692,SHP000891,CUST00396,2,No,,2026-03-26,Email Survey
FBK000693,SHP001095,CUST00100,3,Yes,,2026-08-02,App
FBK000694,SHP000540,CUST00241,5,Yes,Delivery was on time and package was in great condition.,2026-07-01,Email Survey
FBK000695,SHP000869,CUST00243,2,yes,Item arrived damaged.,2026-04-02,Call Center
FBK000696,SHP000216,CUST00593,3,NO,Driver was late by several hours.,2026-05-05,Call Center
FBK000697,SHP000434,CUST00312,2,yes,Driver was late by several hours.,2026-04-01,Website
FBK000698,SHP000379,CUST00397,3,No,Wrong item delivered.,2026-04-06,Call Center
FBK000699,SHP000724,CUST00221,3,NO,Wrong item delivered.,2026-04-16,Website
FBK000700,SHP000497,CUST00056,3,NO,Item arrived damaged.,2026-08-01,App
FBK000701,SHP001153,CUST00280,2,No,,2026-04-11,Email Survey
FBK000702,SHP001430,CUST00579,4,No,,2026-07-11,Call Center
FBK000703,SHP001491,CUST00496,1,Yes,,2026-04-14,App
FBK000704,SHP000584,CUST00140,2,Yes,,2026-04-13,Email Survey
FBK000705,SHP000672,CUST00190,3,NO,Delivery was on time and package was in great condition.,2026-05-17,App
FBK000706,SHP000534,CUST00484,1,No,"Great service, will order again.",2026-04-26,Website
FBK000707,SHP000051,CUST00217,2,yes,Delivery was on time and package was in great condition.,2026-04-03,Email Survey
FBK000708,SHP000696,CUST00332,3,No,,2026-04-20,App
FBK000709,SHP000627,CUST00099,3,NO,Delivery was on time and package was in great condition.,2026-03-22,App
FBK000710,SHP001326,CUST00128,5,No,,2026-08-04,Email Survey
FBK000711,SHP001032,CUST00267,2,No,"Great service, will order again.",2026-08-17,Email Survey
FBK000712,SHP000956,CUST00397,2,Yes,"Great service, will order again.",2026-05-18,Email Survey
FBK000713,SHP001461,CUST00206,1,NO,"Great service, will order again.",2026-05-28,Email Survey
FBK000714,SHP001131,CUST00357,3,yes,"Great service, will order again.",2026-08-15,Website
FBK000715,SHP000021,CUST00128,1,NO,,2026-08-05,App
FBK000716,SHP001208,CUST00248,5,No,Delivery was on time and package was in great condition.,2026-05-11,Call Center
FBK000717,SHP001029,CUST00366,2,yes,Item arrived damaged.,2026-06-15,Website
FBK000718,SHP001498,CUST00158,4,yes,,2026-03-30,Call Center
FBK000719,SHP000748,CUST00252,4,NO,,2026-08-11,App
FBK000720,SHP000861,CUST00399,2,Yes,,2026-07-27,App
FBK000721,SHP000271,CUST00083,2,No,Wrong item delivered.,2026-08-09,Website
FBK000722,SHP000673,CUST00288,5,Yes,Wrong item delivered.,2026-05-18,Call Center
FBK000723,SHP000287,CUST00314,3,Yes,Driver was late by several hours.,2026-03-23,App
FBK000724,SHP000143,CUST00037,5,NO,Driver was late by several hours.,2026-08-07,Call Center
FBK000725,SHP000104,CUST00155,1,Yes,Item arrived damaged.,2026-06-04,Email Survey
FBK000726,SHP000278,CUST00155,4,NO,Wrong item delivered.,2026-06-24,App
FBK000727,SHP001453,CUST00342,3,No,,2026-03-25,App
FBK000728,SHP000918,CUST00598,4,No,,2026-08-17,Call Center
FBK000729,SHP000977,CUST00538,1,Yes,,2026-08-16,Call Center
FBK000730,SHP001276,CUST00311,4,No,Delivery was on time and package was in great condition.,2026-05-30,Call Center
FBK000731,SHP000458,CUST00533,4,Yes,Delivery was on time and package was in great condition.,2026-07-19,Call Center
FBK000732,SHP000437,CUST00360,3,Yes,Delivery was on time and package was in great condition.,2026-07-25,App
FBK000733,SHP000629,CUST00135,2,No,Delivery was on time and package was in great condition.,2026-04-05,Website
FBK000734,SHP001094,CUST00526,2,No,Delivery was on time and package was in great condition.,2026-07-30,Email Survey
FBK000735,SHP000058,CUST00265,2,Yes,Delivery was on time and package was in great condition.,2026-05-15,Website
FBK000736,SHP001163,CUST00428,1,NO,Item arrived damaged.,2026-06-09,Website
FBK000737,SHP000420,CUST00286,3,Yes,Wrong item delivered.,2026-03-27,App
FBK000738,SHP000430,CUST00526,2,Yes,Delivery was on time and package was in great condition.,2026-06-17,Call Center
FBK000739,SHP000525,CUST00408,3,Yes,Driver was late by several hours.,2026-06-15,Call Center
FBK000740,SHP000137,CUST00202,2,NO,Delivery was on time and package was in great condition.,2026-06-17,App
FBK000741,SHP001026,CUST00502,3,Yes,,2026-07-12,Email Survey
FBK000742,SHP000983,CUST00291,5,No,Driver was late by several hours.,2026-05-09,App
FBK000743,SHP001194,CUST00212,1,NO,Delivery was on time and package was in great condition.,2026-08-10,Call Center
FBK000744,SHP000265,CUST00551,2,NO,Wrong item delivered.,2026-07-26,Website
FBK000745,SHP000911,CUST00282,2,yes,,2026-05-07,App
FBK000746,SHP000193,CUST00049,3,No,Item arrived damaged.,2026-07-19,Call Center
FBK000747,SHP001303,CUST00009,3,NO,,2026-05-03,Email Survey
FBK000748,SHP001014,CUST00180,4,Yes,Item arrived damaged.,2026-04-14,Email Survey
FBK000749,SHP000231,CUST00593,1,yes,,2026-03-30,App
FBK000750,SHP001346,CUST00469,3,yes,,2026-07-24,App
FBK000751,SHP000245,CUST00310,4,No,,2026-07-14,Email Survey
FBK000752,SHP000412,CUST00016,0,No,,2026-06-20,Call Center
FBK000753,SHP000370,CUST00143,4,yes,Wrong item delivered.,2026-04-22,Website
FBK000754,SHP000130,CUST00501,5,Yes,Item arrived damaged.,2026-03-24,Website
FBK000755,SHP001290,CUST00302,4,No,,2026-05-08,Call Center
FBK000756,SHP001199,CUST00331,3,NO,,2026-07-18,Email Survey
FBK000757,SHP000587,CUST00453,1,No,"Great service, will order again.",2026-06-20,Email Survey
FBK000758,SHP001313,CUST00365,4,No,,2026-05-29,Website
FBK000759,SHP000015,CUST00005,3,No,Driver was late by several hours.,2026-05-15,Call Center
FBK000760,SHP000033,CUST00175,1,No,Driver was late by several hours.,2026-07-10,Website
FBK000761,SHP001402,CUST00539,1,Yes,Driver was late by several hours.,2026-04-13,App
FBK000762,SHP000326,CUST00141,2,No,Wrong item delivered.,2026-08-15,Call Center
FBK000763,SHP000038,CUST00168,2,No,,2026-05-11,Email Survey
FBK000764,SHP000164,CUST00068,3,No,,2026-04-12,Call Center
FBK000765,SHP000260,CUST00314,1,yes,Delivery was on time and package was in great condition.,2026-06-02,Email Survey
FBK000766,SHP000276,CUST00170,2,Yes,,2026-06-12,Email Survey
FBK000767,SHP000098,CUST00406,2,NO,Item arrived damaged.,2026-04-14,Website
FBK000768,SHP000974,CUST00062,5,yes,Driver was late by several hours.,2026-06-05,Call Center
FBK000769,SHP001428,CUST00329,2,No,Item arrived damaged.,2026-07-03,Website
FBK000770,SHP001166,CUST00588,5,yes,Driver was late by several hours.,2026-06-14,Website
FBK000771,SHP000707,CUST00171,2,NO,,2026-06-23,Call Center
FBK000772,SHP000380,CUST00020,4,No,Driver was late by several hours.,2026-04-02,Call Center
FBK000773,SHP000115,CUST00553,1,No,,2026-03-22,Website
FBK000774,SHP000165,CUST00281,5,Yes,"Great service, will order again.",2026-06-15,Call Center
FBK000775,SHP000040,CUST00471,3,yes,"Great service, will order again.",2026-04-17,Website
FBK000776,SHP000461,CUST00029,5,No,,2026-06-04,App
FBK000777,SHP000342,CUST00293,-1,NO,,2026-07-23,Call Center
FBK000778,SHP000492,CUST00463,5,yes,Item arrived damaged.,2026-05-31,Website
FBK000779,SHP000464,CUST00461,1,NO,Item arrived damaged.,2026-05-15,Email Survey
FBK000780,SHP001314,CUST00546,1,No,Driver was late by several hours.,2026-06-01,App
FBK000781,SHP000108,CUST00208,2,Yes,Wrong item delivered.,2026-03-22,Email Survey
FBK000782,SHP001088,CUST00227,4,yes,Delivery was on time and package was in great condition.,2026-05-22,Website
FBK000783,SHP000552,CUST00489,4,No,Wrong item delivered.,2026-05-14,App
FBK000784,SHP001490,CUST00247,4,NO,Driver was late by several hours.,2026-06-24,Call Center
FBK000785,SHP001440,CUST00431,2,NO,,2026-04-04,App
FBK000786,SHP000825,CUST00397,0,No,,2026-07-15,Call Center
FBK000787,SHP000872,CUST00527,2,NO,"Great service, will order again.",2026-07-27,Email Survey
FBK000788,SHP000298,CUST00174,2,No,"Great service, will order again.",2026-07-07,App
FBK000789,SHP000695,CUST00081,5,NO,Delivery was on time and package was in great condition.,2026-04-07,Call Center
FBK000790,SHP001168,CUST00212,1,No,Wrong item delivered.,2026-07-10,Email Survey
FBK000791,SHP000272,CUST00194,4,yes,Driver was late by several hours.,2026-06-12,Email Survey
FBK000792,SHP000255,CUST00236,3,NO,,2026-07-31,Website
FBK000793,SHP000440,CUST00274,2,Yes,,2026-06-01,Call Center
FBK000794,SHP001313,CUST00528,4,No,Driver was late by several hours.,2026-03-31,Website
FBK000795,SHP001100,CUST00556,4,Yes,,2026-06-25,Email Survey
FBK000796,SHP000612,CUST00598,4,yes,,2026-03-23,Website
FBK000797,SHP001495,CUST00343,-1,Yes,Delivery was on time and package was in great condition.,2026-03-29,Email Survey
FBK000798,SHP001269,CUST00330,4,Yes,Delivery was on time and package was in great condition.,2026-07-12,Email Survey
FBK000799,SHP000554,CUST00314,4,NO,Wrong item delivered.,2026-04-03,App
FBK000800,SHP000398,CUST00321,2,Yes,Delivery was on time and package was in great condition.,2026-04-17,Website
FBK000801,SHP000271,CUST00025,5,No,,2026-08-08,App
FBK000802,SHP000423,CUST00289,1,yes,,2026-05-14,Email Survey
FBK000803,SHP001025,CUST00341,3,No,,2026-05-10,Website
FBK000804,SHP000098,CUST00149,2,Yes,"Great service, will order again.",2026-05-12,App
FBK000805,SHP001181,CUST00371,4,No,,2026-07-15,Email Survey
FBK000806,SHP000446,CUST00171,5,yes,Wrong item delivered.,2026-04-20,Email Survey
FBK000807,SHP000268,CUST00361,4,Yes,Delivery was on time and package was in great condition.,2026-06-29,Call Center
FBK000808,SHP000661,CUST00449,4,Yes,"Great service, will order again.",2026-05-30,App
FBK000809,SHP000743,CUST00035,4,NO,Delivery was on time and package was in great condition.,2026-06-07,App
FBK000810,SHP001494,CUST00084,1,yes,Item arrived damaged.,2026-05-18,Email Survey
FBK000811,SHP000259,CUST00042,5,NO,,2026-08-16,Website
FBK000812,SHP000904,CUST00200,2,yes,"Great service, will order again.",2026-05-28,Email Survey
FBK000813,SHP000452,CUST00159,2,No,Wrong item delivered.,2026-03-31,App
FBK000814,SHP000071,CUST00398,2,Yes,Wrong item delivered.,2026-08-14,App
FBK000815,SHP000539,CUST00002,2,yes,,2026-03-19,Email Survey
FBK000816,SHP000121,CUST00208,2,Yes,,2026-05-26,Call Center
FBK000817,SHP001208,CUST00270,5,yes,Item arrived damaged.,2026-05-10,App
FBK000818,SHP001465,CUST00350,2,Yes,"Great service, will order again.",2026-06-09,App
FBK000819,SHP000490,CUST00023,2,NO,Item arrived damaged.,2026-05-21,Website
FBK000820,SHP000571,CUST00118,4,NO,Item arrived damaged.,2026-06-20,Website
FBK000821,SHP001016,CUST00250,4,NO,Item arrived damaged.,2026-04-21,App
FBK000822,SHP000366,CUST00378,5,No,Delivery was on time and package was in great condition.,2026-04-29,App
FBK000823,SHP000684,CUST00044,1,Yes,Item arrived damaged.,2026-07-02,Email Survey
FBK000824,SHP000263,CUST00541,5,NO,Driver was late by several hours.,2026-03-25,Call Center
FBK000825,SHP001414,CUST00113,1,Yes,,2026-05-10,Call Center
FBK000826,SHP000294,CUST00438,3,yes,Wrong item delivered.,2026-06-02,Email Survey
FBK000827,SHP000728,CUST00026,3,Yes,Delivery was on time and package was in great condition.,2026-03-25,Call Center
FBK000828,SHP000370,CUST00216,3,NO,Item arrived damaged.,2026-04-27,App
FBK000829,SHP001146,CUST00332,2,NO,Item arrived damaged.,2026-04-24,Call Center
FBK000830,SHP000066,CUST00138,4,No,Delivery was on time and package was in great condition.,2026-05-19,Email Survey
FBK000831,SHP000920,CUST00122,1,NO,,2026-06-04,Email Survey
FBK000832,SHP001105,CUST00272,5,No,Driver was late by several hours.,2026-08-13,Call Center
FBK000833,SHP001169,CUST00384,2,yes,Wrong item delivered.,2026-06-22,Email Survey
FBK000834,SHP000541,CUST00063,1,yes,,2026-06-19,App
FBK000835,SHP000612,CUST00275,2,Yes,,2026-04-01,Email Survey
FBK000836,SHP000553,CUST00099,4,NO,Delivery was on time and package was in great condition.,2026-08-05,Call Center
FBK000837,SHP000813,CUST00017,1,yes,Item arrived damaged.,2026-05-18,Email Survey
FBK000838,SHP001049,CUST00239,5,yes,,2026-03-18,App
FBK000839,SHP000832,CUST00015,3,Yes,,2026-03-28,Call Center
FBK000840,SHP000190,CUST00373,2,NO,Wrong item delivered.,2026-05-06,App
FBK000841,SHP000825,CUST00050,4,NO,"Great service, will order again.",2026-04-15,Email Survey
FBK000842,SHP001311,CUST00513,1,yes,,2026-04-21,Email Survey
FBK000843,SHP000570,CUST00509,2,Yes,Driver was late by several hours.,2026-06-29,Email Survey
FBK000844,SHP001346,CUST00168,2,yes,,2026-05-30,App
FBK000845,SHP000304,CUST00155,1,NO,,2026-06-29,Website
FBK000846,SHP001177,CUST00146,3,No,Item arrived damaged.,2026-04-20,Call Center
FBK000847,SHP000726,CUST00528,5,No,Delivery was on time and package was in great condition.,2026-07-16,Email Survey
FBK000848,SHP000924,CUST00012,3,NO,"Great service, will order again.",2026-05-09,Call Center
FBK000849,SHP001410,CUST00289,4,No,Driver was late by several hours.,2026-05-27,Email Survey
FBK000850,SHP001343,CUST00541,2,No,Wrong item delivered.,2026-06-23,Email Survey
FBK000851,SHP001455,CUST00366,5,Yes,"Great service, will order again.",2026-04-14,Call Center
FBK000852,SHP000694,CUST00065,1,No,,2026-06-03,Call Center
FBK000853,SHP000733,CUST00470,1,NO,Item arrived damaged.,2026-08-11,App
FBK000854,SHP000098,CUST00575,5,No,Delivery was on time and package was in great condition.,2026-08-13,Website
FBK000855,SHP001187,CUST00562,2,yes,,2026-08-05,App
FBK000856,SHP000470,CUST00595,4,yes,Wrong item delivered.,2026-08-02,Website
FBK000857,SHP000512,CUST00231,4,NO,"Great service, will order again.",2026-05-26,Website
FBK000858,SHP000220,CUST00490,2,No,"Great service, will order again.",2026-03-23,Email Survey
FBK000859,SHP000560,CUST00487,2,NO,,2026-07-26,App
FBK000860,SHP000287,CUST00272,3,NO,,2026-07-14,Email Survey
FBK000861,SHP001172,CUST00441,1,No,,2026-06-25,Email Survey
FBK000862,SHP001155,CUST00151,5,Yes,Item arrived damaged.,2026-06-23,App
FBK000863,SHP000991,CUST00369,3,No,Delivery was on time and package was in great condition.,2026-04-29,App
FBK000864,SHP000668,CUST00320,4,NO,Delivery was on time and package was in great condition.,2026-04-05,App
FBK000865,SHP001009,CUST00024,2,Yes,,2026-06-17,Website
FBK000866,SHP000982,CUST00019,3,NO,,2026-07-17,Email Survey
FBK000867,SHP000588,CUST00175,1,Yes,Driver was late by several hours.,2026-06-16,Email Survey
FBK000868,SHP000982,CUST00202,1,Yes,Delivery was on time and package was in great condition.,2026-03-31,Email Survey
FBK000869,SHP001077,CUST00429,4,yes,"Great service, will order again.",2026-07-09,Call Center
FBK000870,SHP000797,CUST00122,5,No,"Great service, will order again.",2026-04-24,Call Center
FBK000871,SHP001422,CUST00098,5,yes,Driver was late by several hours.,2026-04-05,App
FBK000872,SHP001364,CUST00116,4,NO,Item arrived damaged.,2026-05-24,Email Survey
FBK000873,SHP001013,CUST00178,4,Yes,Item arrived damaged.,2026-07-09,Email Survey
FBK000874,SHP001196,CUST00495,4,NO,Delivery was on time and package was in great condition.,2026-05-24,App
FBK000875,SHP000781,CUST00144,5,yes,,2026-04-10,App
FBK000876,SHP000099,CUST00164,1,NO,Delivery was on time and package was in great condition.,2026-04-09,App
FBK000877,SHP000418,CUST00467,2,NO,Item arrived damaged.,2026-06-23,App
FBK000878,SHP001082,CUST00299,3,NO,Delivery was on time and package was in great condition.,2026-05-27,Call Center
FBK000879,SHP000594,CUST00438,3,yes,Wrong item delivered.,2026-07-29,Website
FBK000880,SHP000586,CUST00367,5,Yes,,2026-05-13,Website
FBK000881,SHP001455,CUST00304,2,NO,"Great service, will order again.",2026-04-24,App
FBK000882,SHP000629,CUST00365,3,NO,Driver was late by several hours.,2026-05-25,Call Center
FBK000883,SHP000491,CUST00424,5,No,Driver was late by several hours.,2026-06-25,Email Survey
FBK000884,SHP000223,CUST00362,1,yes,Driver was late by several hours.,2026-05-27,Website
FBK000885,SHP000472,CUST00236,2,Yes,Item arrived damaged.,2026-04-22,Email Survey
FBK000886,SHP001053,CUST00501,2,yes,,2026-06-18,Email Survey
FBK000887,SHP001487,CUST00039,1,Yes,,2026-07-15,Call Center
FBK000888,SHP000734,CUST00111,1,NO,,2026-07-21,Website
FBK000889,SHP000526,CUST00092,5,yes,,2026-04-11,Website
FBK000890,SHP001443,CUST00505,3,No,Driver was late by several hours.,2026-06-11,Call Center
FBK000891,SHP000065,CUST00268,2,No,,2026-05-26,App
FBK000892,SHP001343,CUST00404,6,NO,,2026-07-17,App
FBK000893,SHP001104,CUST00538,4,NO,Wrong item delivered.,2026-04-05,Website
FBK000894,SHP000513,CUST00578,3,NO,Delivery was on time and package was in great condition.,2026-07-14,App
FBK000895,SHP000674,CUST00428,5,NO,Driver was late by several hours.,2026-05-28,Website
FBK000896,SHP000883,CUST00536,1,Yes,"Great service, will order again.",2026-06-06,Email Survey
FBK000897,SHP001428,CUST00541,1,yes,Wrong item delivered.,2026-04-27,App
FBK000898,SHP001492,CUST00127,4,Yes,Driver was late by several hours.,2026-06-13,Email Survey
FBK000899,SHP000577,CUST00069,4,No,,2026-08-01,Email Survey
FBK000900,SHP001320,CUST00267,4,NO,Item arrived damaged.,2026-07-21,App
FBK000901,SHP000495,CUST00446,3,NO,,2026-07-26,Email Survey
FBK000902,SHP000946,CUST00384,4,NO,,2026-05-18,Call Center
FBK000903,SHP001247,CUST00095,4,yes,,2026-06-17,Website
FBK000904,SHP000387,CUST00302,5,No,,2026-05-26,Website
FBK000905,SHP000572,CUST00053,4,Yes,"Great service, will order again.",2026-08-01,Website
FBK000906,SHP001152,CUST00227,3,yes,,2026-05-26,App
FBK000907,SHP000836,CUST00520,5,NO,Driver was late by several hours.,2026-06-17,Call Center
FBK000908,SHP001485,CUST00124,4,yes,,2026-05-27,App
FBK000909,SHP000351,CUST00244,3,NO,,2026-03-25,Call Center
FBK000910,SHP000247,CUST00164,1,No,Wrong item delivered.,2026-08-02,Email Survey
FBK000911,SHP000001,CUST00222,4,yes,"Great service, will order again.",2026-06-19,Email Survey
FBK000912,SHP001307,CUST00588,3,Yes,,2026-07-19,Call Center
FBK000913,SHP001484,CUST00510,5,yes,Item arrived damaged.,2026-05-01,Email Survey
FBK000914,SHP001359,CUST00094,2,yes,"Great service, will order again.",2026-04-20,Website
FBK000915,SHP000786,CUST00473,2,Yes,"Great service, will order again.",2026-06-23,Email Survey
FBK000916,SHP001173,CUST00122,3,NO,,2026-07-14,Call Center
FBK000917,SHP001342,CUST00526,1,yes,,2026-05-15,Website
FBK000918,SHP000938,CUST00055,3,Yes,Item arrived damaged.,2026-05-20,Call Center
FBK000919,SHP000477,CUST00359,3,Yes,Delivery was on time and package was in great condition.,2026-08-10,Email Survey
FBK000920,SHP000943,CUST00190,4,NO,,2026-05-22,Call Center
FBK000921,SHP000482,CUST00180,3,No,,2026-05-30,App
FBK000922,SHP000662,CUST00418,4,yes,Item arrived damaged.,2026-05-11,Website
FBK000923,SHP000409,CUST00291,1,yes,Delivery was on time and package was in great condition.,2026-06-08,Email Survey
FBK000924,SHP001371,CUST00169,2,No,Delivery was on time and package was in great condition.,2026-08-17,Call Center
FBK000925,SHP000763,CUST00537,1,No,Wrong item delivered.,2026-06-18,Email Survey
FBK000926,SHP000489,CUST00116,4,No,Wrong item delivered.,2026-05-15,Email Survey
FBK000927,SHP000829,CUST00086,4,NO,,2026-08-05,Email Survey
FBK000928,SHP000260,CUST00544,5,yes,Driver was late by several hours.,2026-06-23,App
FBK000929,SHP000734,CUST00410,3,yes,Wrong item delivered.,2026-04-17,Call Center
FBK000930,SHP000487,CUST00524,4,yes,"Great service, will order again.",2026-04-28,App
FBK000931,SHP001459,CUST00596,5,Yes,Item arrived damaged.,2026-06-23,Website
FBK000932,SHP000458,CUST00159,4,NO,Delivery was on time and package was in great condition.,2026-07-02,Website
FBK000933,SHP001457,CUST00393,4,NO,Item arrived damaged.,2026-08-10,Email Survey
FBK000934,SHP000098,CUST00539,5,NO,Delivery was on time and package was in great condition.,2026-08-07,Website
FBK000935,SHP000899,CUST00094,1,yes,,2026-06-05,Email Survey
FBK000936,SHP001385,CUST00209,3,yes,,2026-05-09,Website
FBK000937,SHP000254,CUST00114,1,NO,Driver was late by several hours.,2026-08-09,Website
FBK000938,SHP000434,CUST00402,1,Yes,,2026-06-19,Call Center
FBK000939,SHP000147,CUST00536,2,No,Driver was late by several hours.,2026-06-22,Website
FBK000940,SHP000771,CUST00471,3,Yes,,2026-03-19,Email Survey
FBK000941,SHP001381,CUST00259,3,No,"Great service, will order again.",2026-08-05,App
FBK000942,SHP000596,CUST00156,1,No,,2026-06-20,Call Center
FBK000943,SHP000351,CUST00153,1,No,Delivery was on time and package was in great condition.,2026-07-31,Call Center
FBK000944,SHP000756,CUST00546,5,Yes,,2026-07-17,Website
FBK000945,SHP001053,CUST00250,2,No,Delivery was on time and package was in great condition.,2026-04-23,Website
FBK000946,SHP000162,CUST00333,2,Yes,"Great service, will order again.",2026-05-05,Call Center
FBK000947,SHP001453,CUST00076,5,NO,Wrong item delivered.,2026-05-25,Call Center
FBK000948,SHP001326,CUST00422,1,Yes,Item arrived damaged.,2026-07-19,Email Survey
FBK000949,SHP000765,CUST00530,1,Yes,,2026-04-29,Website
FBK000950,SHP000353,CUST00286,1,Yes,Delivery was on time and package was in great condition.,2026-06-28,App
FBK000951,SHP000628,CUST00323,4,yes,,2026-08-08,App
FBK000952,SHP001321,CUST00553,2,Yes,Wrong item delivered.,2026-08-08,Website
FBK000953,SHP000070,CUST00303,1,Yes,,2026-06-25,App
FBK000954,SHP000198,CUST00531,5,NO,,2026-06-05,App
FBK000955,SHP000122,CUST00443,1,NO,Wrong item delivered.,2026-08-09,Website
FBK000956,SHP000442,CUST00450,5,No,Item arrived damaged.,2026-04-02,Website
FBK000957,SHP001422,CUST00192,3,yes,Delivery was on time and package was in great condition.,2026-06-06,Email Survey
FBK000958,SHP000409,CUST00177,4,Yes,Wrong item delivered.,2026-03-23,App
FBK000959,SHP000648,CUST00348,1,Yes,,2026-08-05,Call Center
FBK000960,SHP000708,CUST00197,1,No,Driver was late by several hours.,2026-07-08,Email Survey
FBK000961,SHP000351,CUST00047,5,NO,"Great service, will order again.",2026-04-20,Call Center
FBK000962,SHP000687,CUST00568,4,No,Delivery was on time and package was in great condition.,2026-08-07,Email Survey
FBK000963,SHP000631,CUST00573,2,NO,Wrong item delivered.,2026-05-11,Website
FBK000964,SHP000823,CUST00012,5,No,Delivery was on time and package was in great condition.,2026-06-09,Email Survey
FBK000965,SHP001025,CUST00484,1,Yes,Wrong item delivered.,2026-07-17,Email Survey
FBK000966,SHP000221,CUST00580,3,Yes,,2026-06-02,Call Center
FBK000967,SHP000522,CUST00589,2,Yes,Driver was late by several hours.,2026-08-13,Website
FBK000968,SHP000786,CUST00252,5,NO,Wrong item delivered.,2026-05-27,App
FBK000969,SHP001225,CUST00186,1,NO,,2026-08-10,App
FBK000970,SHP000456,CUST00073,5,yes,"Great service, will order again.",2026-06-20,Email Survey
FBK000971,SHP000654,CUST00240,2,yes,,2026-03-23,Call Center
FBK000972,SHP001001,CUST00006,4,No,,2026-07-05,Call Center
FBK000973,SHP000123,CUST00101,2,yes,,2026-05-25,App
FBK000974,SHP001125,CUST00352,2,Yes,Driver was late by several hours.,2026-07-15,Website
FBK000975,SHP001323,CUST00381,4,Yes,Driver was late by several hours.,2026-05-24,Website
FBK000976,SHP001413,CUST00467,5,yes,Driver was late by several hours.,2026-07-13,App
FBK000977,SHP000421,CUST00408,3,No,Item arrived damaged.,2026-08-12,Call Center
FBK000978,SHP000014,CUST00536,4,No,Wrong item delivered.,2026-05-08,Website
FBK000979,SHP000056,CUST00114,5,yes,,2026-08-09,App
FBK000980,SHP000914,CUST00143,4,No,Driver was late by several hours.,2026-05-12,Website
FBK000981,SHP001493,CUST00400,2,NO,Wrong item delivered.,2026-04-20,Website
FBK000982,SHP000325,CUST00482,2,No,Item arrived damaged.,2026-06-23,Email Survey
FBK000983,SHP000939,CUST00145,5,NO,,2026-05-01,Call Center
FBK000984,SHP001300,CUST00073,2,NO,Item arrived damaged.,2026-07-22,Call Center
FBK000985,SHP000442,CUST00566,5,No,Item arrived damaged.,2026-03-26,Call Center
FBK000986,SHP001183,CUST00078,4,No,,2026-05-29,Website
FBK000987,SHP001202,CUST00062,3,No,,2026-06-28,Email Survey
FBK000988,SHP000828,CUST00089,1,No,Wrong item delivered.,2026-05-14,Website
FBK000989,SHP001039,CUST00507,4,NO,,2026-04-14,Call Center
FBK000990,SHP001125,CUST00299,3,NO,Wrong item delivered.,2026-05-18,Email Survey
FBK000991,SHP000044,CUST00527,4,yes,,2026-06-05,Call Center
FBK000992,SHP000297,CUST00467,5,NO,Item arrived damaged.,2026-04-18,App
FBK000993,SHP001049,CUST00444,4,No,Driver was late by several hours.,2026-06-23,Email Survey
FBK000994,SHP000310,CUST00160,3,No,Driver was late by several hours.,2026-06-01,Email Survey
FBK000995,SHP000517,CUST00279,3,No,"Great service, will order again.",2026-05-18,Email Survey
FBK000996,SHP001467,CUST00459,1,NO,Item arrived damaged.,2026-07-22,Website
FBK000997,SHP000410,CUST00370,1,yes,Driver was late by several hours.,2026-06-19,Call Center
FBK000998,SHP000975,CUST00330,3,yes,Item arrived damaged.,2026-06-13,Website
FBK000999,SHP001151,CUST00509,2,No,"Great service, will order again.",2026-04-18,Website
FBK001000,SHP001329,CUST00478,1,NO,,2026-03-27,Email Survey
