customer_id,customer_name,email,phone,city,state,country,region,customer_since,customer_type
CUST00001,Allison Hill,donaldgarcia@mcclain.com,833-589-0838,Chicago,IL,USA,East,2022-11-15,Wholesale
CUST00002,Pacheco-Smith,helenpeterson@lewis.com,361-855-9407,Singapore,SG,Singapore,North,2021-01-07,Retail
CUST00003,Calderon-Montgomery,barbara10@perez.com,664-375-2553,Chicago,IL,USA,North,2023-09-03,Retail
CUST00004,Ferguson and Sons,stevennelson@watts.com,505.964.1395,Delhi,DL,India,Central,2022-08-09,Retail
CUST00005,"Ellis, Baker and Wright",julie69@cox-osborn.com,671.201.2269x16697,Singapore,SG,Singapore,Central,2024-01-11,E-commerce
CUST00006,Maldonado PLC,kayla51@graham-chavez.com,728.914.8932x52880,Rotterdam,ZH,Netherlands,East,2020-09-21,Retail
CUST00007,Sherry Decker,john39@miller.com,001-682-827-8248x96383,Atlanta,GA,USA,West,2025-08-08,Enterprise
CUST00008,"Brooks, Lam and Hayes",jeffreymorgan@spencer.com,510.451.8347,Newark,NJ,USA,East,2024-03-29,Retail
CUST00009,"Johnston, Sanchez and Kennedy",glee@jordan.com,+1-610-965-1333x87262,Dallas,TX,USA,East,2021-11-16,Enterprise
CUST00010,Jessica Callahan,williamsyvette@novak.com,(977)436-0260x64746,Chicago,IL,USA,West,2021-07-29,Retail
CUST00011,Anthony Fitzgerald,adkinsbrian@woods.com,312.819.1361x93990,Mumbai,MH,India,North,2023-11-30,Enterprise
CUST00012,Emily Green,john62@brewer.com,6794911838,Rotterdam,ZH,Netherlands,East,2025-04-17,Wholesale
CUST00013,Sherry Wood,samueldaniels@carr-archer.net,4846124118,Chicago,IL,USA,South,2022-01-13,Enterprise
CUST00014,Grant Watts,william40@walters.com,2523427868,Newark,NJ,USA,North,2021-01-01,E-commerce
CUST00015,"Mckee, Gardner and Davenport",russellwilliams@nolan-flynn.com,(833)215-8692x322,Hamburg,HH,Germany,East,2021-07-10,Wholesale
CUST00016,Patton-Jenkins,josephcobb@reyes.info,837.754.3303,Newark,NJ,USA,East,2022-01-07,Retail
CUST00017,Raymond Bell,ifrazier@crosby-wilson.com,(894)301-9655,Atlanta,GA,USA,Central,2022-07-21,Wholesale
CUST00018,"Lee, Williams and Graham",michaeljones@mccall.com,001-448-646-5648x2366,Mumbai,MH,India,East,2022-08-28,Wholesale
CUST00019,Elizabeth Clark,steven73@kennedy.com,+1-514-989-5134x33200,Chicago,IL,USA,South,2023-09-07,Retail
CUST00020,Joy Mercado,jennifercruz@sanchez-douglas.com,001-716-932-8708x31727,Mumbai,MH,India,East,2023-09-09,Retail
CUST00021,"Mcclain, Simmons and Meadows",vmerritt@cole-walton.com,001-487-434-7143x45581,Rotterdam,ZH,Netherlands,East,2021-10-13,Wholesale
CUST00022,Michelle Brown,drivera@brown-wall.biz,001-590-996-7054x66889,Mumbai,MH,India,West,2021-09-21,Wholesale
CUST00023,Tucker-Price,dramsey@hooper.com,(599)901-6272x0465,Newark,NJ,USA,Central,2022-04-05,Enterprise
CUST00024,Jamie Walton,fking@smith-ryan.com,510.403.3092,Mumbai,MH,India,Central,2022-12-29,E-commerce
CUST00025,Elliott and Sons,xlyons@jackson-lawson.com,001-324-619-0496x63193,Atlanta,GA,USA,Central,2024-11-16,E-commerce
CUST00026,"Trujillo, Hogan and Knight",reedross@jones-holland.com,(971)865-7262x84987,Chicago,IL,USA,North,2024-10-02,Wholesale
CUST00027,Erica Sanchez,ramirezshannon@hudson-barnett.com,6756273545,Hamburg,HH,Germany,West,2023-05-28,Retail
CUST00028,"Vaughan, Miller and Cortez",ppeters@alvarez.com,743-863-4957,Rotterdam,ZH,Netherlands,West,2025-08-10,Enterprise
CUST00029,Heather Chavez,john13@wilson-herrera.com,537.649.8941,Chicago,IL,USA,North,2021-10-06,Enterprise
CUST00030,Adrian Ferguson,brandon08@terry-martinez.info,209-647-7752,Columbus,OH,USA,North,2025-05-01,Enterprise
CUST00031,Wilson-Jones,ojones@brown.com,831-986-9993,Chennai,TN,India,North,2025-03-02,Enterprise
CUST00032,Kevin Patterson,lynchjody@garrett.com,(932)681-2067,Atlanta,GA,USA,Central,2020-10-15,Retail
CUST00033,Douglas Heath,mcdanielsandra@lawrence.com,+1-632-942-1024,Los Angeles,CA,USA,Central,2021-04-01,Wholesale
CUST00034,"Torres, Powell and Nelson",mkim@preston.com,+1-940-913-9904x902,Atlanta,GA,USA,Central,2025-03-16,Retail
CUST00035,Shea Group,ecosta@ortiz-morris.com,(356)774-6807,Chennai,TN,India,North,2021-11-20,Retail
CUST00036,Raymond Hancock,sandovalamy@brown-stone.org,001-577-403-4824x77109,Los Angeles,CA,USA,South,2022-03-07,Retail
CUST00037,Tran Inc,victoriadurham@valentine-holland.com,448.346.7737x8263,Rotterdam,ZH,Netherlands,North,2022-01-03,Retail
CUST00038,Jennifer Villa,lori44@carpenter.info,+1-575-558-8675,Dallas,TX,USA,Central,2023-06-27,Wholesale
CUST00039,Chase Group,floresthomas@hughes-alvarado.com,802.489.5171x8702,Chennai,TN,India,Central,2020-12-31,Wholesale
CUST00040,Morgan-Schwartz,christianmelissa@james.info,+1-309-313-4316,Rotterdam,ZH,Netherlands,West,2022-11-05,Wholesale
CUST00041,Stephanie Williams,carternicholas@sanchez.org,+1-622-921-9693x79237,Singapore,SG,Singapore,South,2021-11-26,Enterprise
CUST00042,Nolan Group,erica21@landry-huerta.com,+1-664-674-3671x3695,Hamburg,HH,Germany,East,2020-09-26,E-commerce
CUST00043,Jennifer Smith,lozanojulie@parsons-hall.com,239.742.1047,Chennai,TN,India,North,2024-04-15,Wholesale
CUST00044,Browning LLC,ithompson@walter.com,(547)845-1712,Columbus,OH,USA,North,2025-06-18,Wholesale
CUST00045,"Diaz, Gibbs and Smith",gibsonemily@baker.com,337-909-8593,Chicago,IL,USA,North,2025-03-04,Retail
CUST00046,Banks-Wilson,shahkevin@wilson-young.net,(367)958-6926,Chicago,IL,USA,East,2023-09-15,Retail
CUST00047,Johnson-Wood,pwallace@garcia-jennings.net,+1-750-564-3171x3900,Los Angeles,CA,USA,West,2025-07-27,Wholesale
CUST00048,"Harris, Gallegos and Spencer",lisahall@kramer.com,722-284-2102x053,Singapore,SG,Singapore,Central,2021-07-01,E-commerce
CUST00049,Martinez Group,reesethomas@palmer-rodriguez.net,890.884.7007,Chennai,TN,India,West,2024-01-21,Wholesale
CUST00050,Joseph-Wallace,morriseddie@hill.org,+1-856-398-4789,Hamburg,HH,Germany,West,2024-08-04,Enterprise
CUST00051,Farrell Ltd,russellbeasley@morgan-chavez.biz,001-815-365-4527x1111,Chennai,TN,India,North,2024-05-07,Retail
CUST00052,Cain-Hawkins,elizabeth65@pugh.com,794-351-9832x7315,Singapore,SG,Singapore,East,2024-06-09,Retail
CUST00053,"Perez, Patterson and Hoffman",lynchdiane@adams.com,850-922-9612x01836,Newark,NJ,USA,Central,2022-05-01,E-commerce
CUST00054,Collins-Nguyen,wareeric@williams.biz,997.664.3815x6149,Atlanta,GA,USA,East,2020-11-07,E-commerce
CUST00055,Joyce-Brown,kevinclark@duran.com,707-362-2683,Dallas,TX,USA,West,2022-08-12,Retail
CUST00056,"Williams, Smith and Morse",barbara96@bowman.com,(897)351-6136,Delhi,DL,India,North,2022-08-09,Retail
CUST00057,Gerald Cook,charlesschultz@hicks.com,412.943.2921,Newark,NJ,USA,South,2022-12-12,E-commerce
CUST00058,"Wolf, Cole and Glass",michelle52@jones-ramos.com,690-358-1477x005,Newark,NJ,USA,West,2023-11-07,Retail
CUST00059,Gilbert PLC,jford@huang.com,997-982-0715x18203,Chicago,IL,USA,West,2023-03-31,Enterprise
CUST00060,Helen Hardin,vortiz@harper.com,818-464-4925x19254,Chennai,TN,India,East,2023-08-08,E-commerce
CUST00061,Emily Bennett,lisa81@santiago.com,(635)373-3221,Singapore,SG,Singapore,Central,2023-03-02,E-commerce
CUST00062,"Conley, Stephenson and Johnson",nancy92@bennett.org,(970)565-3794,Los Angeles,CA,USA,South,2023-04-19,Retail
CUST00063,Sheppard-Mueller,michealvalentine@murray-campbell.biz,386.623.9240x75818,Delhi,DL,India,North,2021-01-17,Enterprise
CUST00064,Nelson PLC,mariahdavis@velasquez.com,(406)485-3615x30515,Rotterdam,ZH,Netherlands,West,2020-10-25,Wholesale
CUST00065,Horton-Taylor,awest@smith.com,+1-298-561-4341,Delhi,DL,India,North,2022-09-22,Wholesale
CUST00066,"Bryant, Rodriguez and Stein",chenbailey@thomas.com,001-262-818-5188,Dallas,TX,USA,South,2024-12-28,E-commerce
CUST00067,Reid LLC,julie51@allen-sandoval.com,001-995-220-5852x77221,Rotterdam,ZH,Netherlands,South,2022-02-03,Retail
CUST00068,Curtis Williams,zachary87@johnson-lucas.com,(905)941-5667x652,Mumbai,MH,India,Central,2022-06-18,Enterprise
CUST00069,Debra Miller,mmiller@gardner.com,754-947-9627,Newark,NJ,USA,East,2020-11-02,Wholesale
CUST00070,Mendez-Graham,jonesdana@palmer-brady.com,7298702135,Atlanta,GA,USA,East,2025-05-16,E-commerce
CUST00071,Jacobs Ltd,xrush@hines-berry.net,(365)643-1027x868,Dallas,TX,USA,North,2024-07-02,E-commerce
CUST00072,Cindy Carr,igonzalez@hayes.info,455-718-8442,Rotterdam,ZH,Netherlands,North,2023-03-03,Retail
CUST00073,Galloway and Sons,kristyjohnson@armstrong.com,+1-711-346-7866x912,Delhi,DL,India,East,2022-11-16,Wholesale
CUST00074,Haley Humphrey,katrinaanderson@bartlett.com,422-653-5841x4384,Dallas,TX,USA,South,2023-09-12,Enterprise
CUST00075,Shaw and Sons,georgeweber@morgan.com,909-643-9690,Chennai,TN,India,Central,2023-11-02,Enterprise
CUST00076,David Aguirre,eevans@brown.com,992-355-5625x88153,Hamburg,HH,Germany,Central,2021-12-18,Retail
CUST00077,Brent Roberts,alin@estes.com,001-953-227-8774,Delhi,DL,India,East,2021-01-28,Retail
CUST00078,Jim Allen,brandon47@khan.net,8162245650,Atlanta,GA,USA,East,2023-06-24,Retail
CUST00079,Juan Jones,rduran@becker.biz,(258)452-3986x800,Singapore,SG,Singapore,Central,2024-03-12,Wholesale
CUST00080,Stone-Hernandez,markaustin@long.com,001-258-788-7947,Rotterdam,ZH,Netherlands,South,2022-04-13,Enterprise
CUST00081,Whitney PLC,laura09@baker-rios.org,001-430-597-2896,Hamburg,HH,Germany,East,2020-10-13,E-commerce
CUST00082,"Rodriguez, Smith and Edwards",robertharris@hampton.com,001-728-738-5786x527,Chicago,IL,USA,North,2024-01-03,E-commerce
CUST00083,Melanie Lara,chelsea33@grant-walker.com,001-843-775-7584x41986,Chicago,IL,USA,North,2025-05-26,Enterprise
CUST00084,Donna Roberts,reedscott@burgess-lewis.net,584-221-9933x083,Hamburg,HH,Germany,East,2021-02-15,Wholesale
CUST00085,John Maldonado,adampierce@russell.info,+1-434-254-0193x8026,Delhi,DL,India,West,2025-08-11,Retail
CUST00086,French-Lopez,nancy04@morrison.info,+1-688-472-8743x1527,Singapore,SG,Singapore,South,2020-09-11,Retail
CUST00087,Edward Craig,gregorychase@wilcox-robertson.com,(712)627-5304x6374,Rotterdam,ZH,Netherlands,Central,2023-07-16,Wholesale
CUST00088,"Smith, Valdez and Schwartz",contrerassteven@sullivan.com,001-714-859-3327x279,Chicago,IL,USA,East,2024-02-19,Enterprise
CUST00089,Nicole Pham,kathleenbecker@marks.com,491-408-8398,Chicago,IL,USA,East,2022-04-08,Wholesale
CUST00090,Audrey Harris,gdavis@stokes-chavez.net,(279)808-7406x40391,Hamburg,HH,Germany,North,2022-05-08,Enterprise
CUST00091,Zachary Michael,andersenthomas@ortiz-mack.biz,(867)466-1825x128,Mumbai,MH,India,Central,2024-04-07,Wholesale
CUST00092,Aaron Johnson,steven86@gray.com,231-906-9033x119,Newark,NJ,USA,South,2023-08-13,Wholesale
CUST00093,Amber Yang,igonzales@webster.com,643.695.9953x42836,Chicago,IL,USA,South,2020-12-06,Enterprise
CUST00094,Sheryl Buck,dpeters@david-powers.net,266-824-6287x33427,Mumbai,MH,India,South,2025-06-19,Enterprise
CUST00095,"Moreno, Price and Scott",deborah75@nichols.com,769-690-1398x373,Singapore,SG,Singapore,North,2025-05-30,E-commerce
CUST00096,Timothy Hayden,burgesskaren@dominguez.com,(938)954-6785x4458,Chennai,TN,India,South,2021-02-13,Wholesale
CUST00097,Mrs. Sara Rocha,lawrence09@figueroa.com,+1-899-564-2353,Chennai,TN,India,East,2023-02-14,Enterprise
CUST00098,Melinda Scott,plevy@henry.com,(287)228-0801,Newark,NJ,USA,South,2022-09-09,Retail
CUST00099,Crystal Mann,robinsonstephen@williamson.org,270.808.8600x8484,Mumbai,MH,India,East,2024-08-28,Enterprise
CUST00100,Ashley Davis,johnharvey@ochoa-adams.biz,256-379-3341,Los Angeles,CA,USA,East,2022-08-27,E-commerce
CUST00101,John Walsh,christopherbruce@mueller.com,703.239.7401x48902,Delhi,DL,India,East,2025-06-07,Retail
CUST00102,"Thomas, Hoover and Nicholson",evansanne@davenport.com,(821)785-0163x1599,Los Angeles,CA,USA,South,2020-10-10,Enterprise
CUST00103,Bowers-Hayes,michaelpugh@lopez-willis.biz,494-831-1426,Rotterdam,ZH,Netherlands,West,2022-03-18,Enterprise
CUST00104,Aaron Parker,kathleen12@lopez.net,+1-786-810-1581,Columbus,OH,USA,West,2020-09-08,Retail
CUST00105,Hughes-Miller,ashleyjackson@jackson-adams.com,921.526.4647x1543,Rotterdam,ZH,Netherlands,South,2022-12-01,Enterprise
CUST00106,Torres Group,meagan65@cook-ochoa.org,(745)693-7526,Mumbai,MH,India,North,2024-04-19,Wholesale
CUST00107,"Henry, Johnston and Sanchez",yramirez@diaz-frederick.com,001-382-880-7374,Dallas,TX,USA,East,2023-12-28,Enterprise
CUST00108,Eric King,jennifermccormick@cole.info,001-368-386-8058,Dallas,TX,USA,East,2024-06-21,Enterprise
CUST00109,Heather Holland,hartdeanna@ross.biz,501-943-8889,Columbus,OH,USA,West,2022-07-01,Enterprise
CUST00110,Barton-Chapman,michaeljohnson@phillips.com,001-925-745-7387x5717,Newark,NJ,USA,West,2020-12-17,E-commerce
CUST00111,Michael Johnson,deborah23@thompson.info,962.826.6093,Atlanta,GA,USA,Central,2022-07-28,Enterprise
CUST00112,"Lewis, Ramirez and Padilla",raylauren@lopez.com,+1-478-659-6969x15579,Chicago,IL,USA,East,2025-03-21,Enterprise
CUST00113,"Miller, Anderson and Wilson",daryl52@price.biz,(478)728-2742,Rotterdam,ZH,Netherlands,Central,2024-11-01,Enterprise
CUST00114,"Brown, Howard and Smith",jamescruz@wagner.biz,001-677-421-9034x043,Chennai,TN,India,South,2024-07-12,E-commerce
CUST00115,Patricia Simpson,armstrongjoseph@morrow.com,001-378-536-1340x74517,Singapore,SG,Singapore,South,2021-09-04,Retail
CUST00116,"Matthews, Bell and Page",imartin@li.org,(384)498-2544x948,Hamburg,HH,Germany,Central,2025-06-10,Enterprise
CUST00117,Sellers-Riddle,jacquelineanderson@dawson.biz,929.946.6711x6845,Newark,NJ,USA,East,2022-04-06,Wholesale
CUST00118,Raymond Oconnor,sreid@horn-flynn.biz,463.974.5458,Atlanta,GA,USA,North,2024-07-26,Retail
CUST00119,"Farmer, Williams and Sims",ksmith@bryant-braun.biz,724.424.1541,Chennai,TN,India,Central,2020-11-19,Retail
CUST00120,"Torres, Lyons and Young",padillaaaron@miller-wheeler.net,+1-370-705-1627x13611,Hamburg,HH,Germany,Central,2022-06-19,Wholesale
CUST00121,James Li,darlenebyrd@moreno.org,+1-327-853-2697x3112,Mumbai,MH,India,West,2022-05-20,E-commerce
CUST00122,Edwards-Taylor,deanna38@greene.com,+1-543-989-8364x03761,Hamburg,HH,Germany,North,2023-10-26,Retail
CUST00123,Stephen Smith,sarah26@fisher.info,001-810-891-0430x06848,Newark,NJ,USA,South,2024-02-19,E-commerce
CUST00124,Davidson PLC,joshuacollins@mccall.com,(291)646-3031x6179,Newark,NJ,USA,North,2023-12-16,E-commerce
CUST00125,"Yang, Wilson and Zimmerman",martinstephanie@holmes.com,(641)305-6481,Chennai,TN,India,Central,2023-02-08,Enterprise
CUST00126,Amy Villarreal,michaelscott@shannon.com,880.400.3075,Chennai,TN,India,Central,2021-07-09,E-commerce
CUST00127,Amanda Pratt,pwalker@moon-flores.com,001-851-380-2380,Delhi,DL,India,West,2025-01-04,Wholesale
CUST00128,Patricia Collins,tranalan@carter.org,275.897.3832,Chennai,TN,India,West,2020-09-29,Enterprise
CUST00129,Makayla Steele,tapiaaaron@bennett.com,336.370.2410x38657,Hamburg,HH,Germany,East,2023-02-25,E-commerce
CUST00130,Jennifer Vargas,grahamtamara@carter.biz,001-355-474-3132x912,Los Angeles,CA,USA,West,2022-11-15,Retail
CUST00131,Bryan Howard,shannonford@davis.com,001-690-635-2135x680,Newark,NJ,USA,East,2024-09-22,Enterprise
CUST00132,Johnson Group,jhawkins@davis.com,600-332-3651,Delhi,DL,India,North,2020-09-25,Wholesale
CUST00133,Gonzalez Ltd,flamb@martinez-dunlap.com,(796)567-0662,Mumbai,MH,India,South,2025-03-02,Wholesale
CUST00134,Ramirez-Stephenson,mendezchristina@phillips.com,246-826-3838,Mumbai,MH,India,East,2024-07-14,E-commerce
CUST00135,Castillo-Harrington,roberta85@nelson-johnson.org,404.307.8593,Newark,NJ,USA,West,2021-11-12,E-commerce
CUST00136,Joseph Moody,gallagherstacie@bradford.com,(439)555-9059,Rotterdam,ZH,Netherlands,North,2024-10-22,E-commerce
CUST00137,Weaver-Thompson,davisjesse@smith.com,793-325-2500x29218,Columbus,OH,USA,East,2022-06-30,E-commerce
CUST00138,Jennifer Garcia,marcus26@yu.net,001-895-239-2644x220,Mumbai,MH,India,Central,2021-07-15,Wholesale
CUST00139,Mccall-Ponce,daniellegarcia@taylor-mcgee.com,(652)315-7043x315,Los Angeles,CA,USA,West,2024-03-24,E-commerce
CUST00140,Cruz Ltd,acosta@macias-bell.biz,279-732-7104,Columbus,OH,USA,West,2021-12-06,Wholesale
CUST00141,Glenn Barron,jessicapayne@morgan.info,001-806-629-6201x533,Atlanta,GA,USA,Central,2023-12-06,Retail
CUST00142,Brendan Long,xhernandez@patterson.org,931.603.2417x1467,Rotterdam,ZH,Netherlands,Central,2021-01-30,Retail
CUST00143,"Hughes, Watson and James",seanbaker@baker-hood.org,2218158693,Mumbai,MH,India,South,2024-09-19,E-commerce
CUST00144,Sheppard-Mcdaniel,parmstrong@evans-foster.com,898.399.2172x23320,Los Angeles,CA,USA,West,2025-07-26,Enterprise
CUST00145,Harris-Carson,maryscott@sloan.biz,+1-854-387-0998,Columbus,OH,USA,East,2022-09-12,E-commerce
CUST00146,Knight PLC,buckleyanna@floyd.com,(846)279-9702x46299,Mumbai,MH,India,East,2022-08-09,Retail
CUST00147,Vaughn-Williams,xmccall@morgan.com,571-932-4754x691,Singapore,SG,Singapore,Central,2021-09-06,Retail
CUST00148,Natalie Malone,lori82@collins.biz,(289)902-3303,Columbus,OH,USA,South,2020-11-17,Retail
CUST00149,Curtis Richardson,owagner@maldonado.com,297.827.9855x2414,Hamburg,HH,Germany,North,2020-11-15,Retail
CUST00150,Penny Lewis,deborahbyrd@pearson-palmer.com,922.690.3494x4665,Newark,NJ,USA,North,2021-09-19,Wholesale
CUST00151,Byrd-Holloway,asilva@key.net,+1-699-544-1715x4544,Chennai,TN,India,North,2021-05-17,Wholesale
CUST00152,Yoder PLC,rguerrero@griffith.info,746-666-0993x5387,Los Angeles,CA,USA,East,2024-11-07,Wholesale
CUST00153,Sherri White,ruizjoyce@stokes.com,+1-313-953-4655x4947,Singapore,SG,Singapore,North,2020-11-23,Wholesale
CUST00154,Lauren Oliver,gpreston@dillon.net,360-922-3569x7252,Dallas,TX,USA,Central,2022-04-16,Retail
CUST00155,Mrs. Amy Hayes,kathleenjackson@burns.com,+1-266-766-7600x835,Rotterdam,ZH,Netherlands,West,2024-05-30,E-commerce
CUST00156,Alicia Smith,jeremywiley@anderson-reyes.org,721-904-4789x8562,Newark,NJ,USA,North,2022-06-03,Wholesale
CUST00157,Martin Group,perezjessica@clark.org,221.350.6489x09010,Los Angeles,CA,USA,Central,2022-09-17,Retail
CUST00158,Joshua Wells,jamiejennings@turner.com,+1-984-599-2618x91411,Rotterdam,ZH,Netherlands,North,2023-09-03,Enterprise
CUST00159,Decker-Dudley,jade42@kelley.info,530-901-1972x18114,Hamburg,HH,Germany,East,2025-07-27,Retail
CUST00160,Baker-Williams,morganphelps@solis-edwards.com,600-322-5579,Columbus,OH,USA,North,2022-06-28,E-commerce
CUST00161,Brian Ross,ynelson@jefferson.com,920-421-6979,Dallas,TX,USA,West,2023-09-07,Enterprise
CUST00162,Lisa Huffman,timothyfreeman@alexander-brown.com,3898935889,Chennai,TN,India,South,2023-12-08,E-commerce
CUST00163,Olson Ltd,jhernandez@brown.info,821.575.3540x8386,Delhi,DL,India,East,2021-01-07,E-commerce
CUST00164,Solis-West,hwest@mcgee-smith.biz,(708)280-1994x88375,Singapore,SG,Singapore,Central,2024-09-16,Enterprise
CUST00165,Rivera-Saunders,xmoran@chavez.com,554-588-5102x72614,Newark,NJ,USA,North,2021-03-25,Enterprise
CUST00166,Cindy Summers,jenniferrodriguez@williams-schultz.org,277-898-2708,Newark,NJ,USA,West,2024-10-26,E-commerce
CUST00167,Glass-Norman,heatherthompson@garcia.org,+1-458-466-9346x547,Chennai,TN,India,East,2022-09-09,Wholesale
CUST00168,"Tanner, Hunt and Cameron",jennifer83@clark.com,+1-652-828-8515x87996,Columbus,OH,USA,East,2024-08-31,Enterprise
CUST00169,"Rodriguez, James and Brown",gonzalezkaren@terrell.com,(504)838-0571,Rotterdam,ZH,Netherlands,East,2021-10-24,Retail
CUST00170,"Roberts, Beck and House",ybutler@edwards.com,597.635.9893,Newark,NJ,USA,North,2022-11-14,Wholesale
CUST00171,Mrs. Tonya Moss,bennettroy@baker.com,372-702-5909x47985,Chennai,TN,India,Central,2023-04-03,Wholesale
CUST00172,Kelly Hartman,robertherrera@bailey.com,554-239-8780x15739,Hamburg,HH,Germany,West,2024-01-15,E-commerce
CUST00173,Thomas Landry,uscott@johnson-black.com,287.370.4358x11288,Dallas,TX,USA,East,2021-09-05,Wholesale
CUST00174,"Ayala, Hancock and Coleman",harrismaria@rowe.com,3755011024,Newark,NJ,USA,East,2025-03-07,Enterprise
CUST00175,Hughes-Mccoy,ystewart@wilson.com,001-890-215-8144x91476,Delhi,DL,India,East,2022-12-30,E-commerce
CUST00176,Brandy Myers,susan24@eaton.com,8883210099,Delhi,DL,India,East,2022-02-24,Enterprise
CUST00177,Stephanie Cooper,gwhitehead@martin.org,631-329-0878x141,Los Angeles,CA,USA,East,2021-08-12,Enterprise
CUST00178,"Freeman, Rivera and Anderson",craigharvey@stewart.com,+1-549-529-9556x205,Singapore,SG,Singapore,South,2024-03-09,Enterprise
CUST00179,"Graham, Larsen and Taylor",natalie77@hampton-tucker.com,(391)242-8341,Delhi,DL,India,South,2024-11-15,Wholesale
CUST00180,"Johnson, Perkins and Sullivan",rebeccaarnold@shannon.com,(263)594-2788x165,Chennai,TN,India,East,2024-11-12,Enterprise
CUST00181,Lisa Martin,seanwhite@hopkins.info,(703)873-1453x038,Newark,NJ,USA,East,2022-12-22,Wholesale
CUST00182,Keith-Williams,dakota84@baker.biz,(991)284-6386x557,Los Angeles,CA,USA,North,2023-02-19,Wholesale
CUST00183,Gonzales and Sons,robertsonjuan@lopez.org,001-813-265-1777x392,Chicago,IL,USA,Central,2021-11-04,Enterprise
CUST00184,Kevin Taylor,macdonalddylan@scott.net,(899)404-1379x7723,Atlanta,GA,USA,West,2024-08-06,Retail
CUST00185,Catherine Keller,gary57@garza.com,9382862912,Rotterdam,ZH,Netherlands,East,2025-01-05,E-commerce
CUST00186,"Gordon, Wilson and Olson",rachelryan@prince.biz,465.608.6376x59916,Columbus,OH,USA,South,2023-01-05,Retail
CUST00187,Kent Inc,carmen86@lopez-fletcher.com,001-781-380-6356,Chennai,TN,India,North,2021-05-26,Retail
CUST00188,"Richards, Green and Herrera",cheryl63@arnold-grant.com,(988)474-4956x213,Dallas,TX,USA,Central,2021-02-16,Retail
CUST00189,"Morales, Morgan and Pierce",martintamara@brock.info,+1-661-214-3519x066,Rotterdam,ZH,Netherlands,East,2025-05-09,Retail
CUST00190,Margaret Gonzales,melissagalvan@mitchell.net,001-739-820-5302x146,Dallas,TX,USA,Central,2022-08-27,E-commerce
CUST00191,Adrian Padilla,dunnjessica@herman.com,893.376.9042,Rotterdam,ZH,Netherlands,South,2023-06-03,E-commerce
CUST00192,"Phillips, Arroyo and Pratt",nancy94@ramos.com,001-857-779-0714x16335,Chennai,TN,India,East,2023-03-18,E-commerce
CUST00193,Haynes LLC,justinross@nicholson.info,553-594-2373x33433,Rotterdam,ZH,Netherlands,North,2024-10-22,Retail
CUST00194,Richard Wilson,loweelizabeth@smith.info,(495)279-4728x463,Newark,NJ,USA,South,2023-04-03,Enterprise
CUST00195,Todd Johnson,phillip27@wolfe.com,001-600-536-9155x942,Atlanta,GA,USA,South,2021-12-21,Wholesale
CUST00196,"Cooper, White and Coleman",xhaynes@dickerson-ramirez.com,001-829-531-4386,Atlanta,GA,USA,North,2021-05-10,E-commerce
CUST00197,"Hernandez, Shaffer and Thompson",otaylor@ferguson.com,+1-990-361-2034,Rotterdam,ZH,Netherlands,West,2022-11-16,Enterprise
CUST00198,Green-Ward,maurice61@dillon-mccarty.com,001-998-324-5587,Los Angeles,CA,USA,East,2022-07-13,E-commerce
CUST00199,Ford-Frye,daniellemcfarland@welch-duncan.com,825-635-5449,Newark,NJ,USA,East,2025-01-23,Wholesale
CUST00200,Adkins-Meyer,lgutierrez@martinez.com,001-313-326-1117x8006,Delhi,DL,India,South,2021-12-09,Wholesale
CUST00201,Matthew Mcclure,jerome47@martinez.com,+1-955-877-8487x28299,Atlanta,GA,USA,North,2023-03-30,Retail
CUST00202,"Ferguson, Stout and Olson",lindaramos@gutierrez-moore.com,9826547807,Los Angeles,CA,USA,Central,2020-09-02,Enterprise
CUST00203,Yates-Harper,kelleyjacob@kim.biz,(534)316-3894x4846,Chennai,TN,India,East,2021-07-16,E-commerce
CUST00204,Mark Williamson,jackie73@smith-williams.net,3214442703,Delhi,DL,India,Central,2020-09-12,E-commerce
CUST00205,Peterson LLC,dbolton@moody.com,8462187234,Rotterdam,ZH,Netherlands,North,2021-03-27,E-commerce
CUST00206,Danielle Wise,cwright@murray.net,+1-537-764-5208x81474,Rotterdam,ZH,Netherlands,East,2025-01-23,Retail
CUST00207,"Robinson, Rodriguez and Chen",alexis49@foster.com,9973925132,Hamburg,HH,Germany,Central,2024-01-21,Retail
CUST00208,Wayne Malone,browndeanna@herrera.com,+1-257-930-6524,Hamburg,HH,Germany,East,2024-02-28,Retail
CUST00209,Kimberly Henry,amymorris@hill-guerra.net,(918)227-4485,Atlanta,GA,USA,West,2024-07-03,E-commerce
CUST00210,Morgan Andrade,kimberly35@brown.com,478.429.4565x11810,Atlanta,GA,USA,Central,2024-12-28,E-commerce
CUST00211,John Garcia,hbarrett@miles.org,001-210-637-1705x865,Chennai,TN,India,North,2023-04-09,E-commerce
CUST00212,"Jones, Torres and Blackburn",garciajerry@lopez-fox.com,001-828-386-1957,Columbus,OH,USA,East,2021-06-17,Retail
CUST00213,James Morgan,amandagreene@orr-pierce.com,(766)959-3983x684,Columbus,OH,USA,West,2022-11-12,E-commerce
CUST00214,Smith-Johnson,caitlin82@smith-joyce.com,404-688-8992x10752,Mumbai,MH,India,Central,2022-06-18,Retail
CUST00215,"Wright, Scott and Evans",ncarroll@jones.info,001-891-894-0961x055,Columbus,OH,USA,East,2025-04-11,Enterprise
CUST00216,Kane and Sons,walterscrystal@torres.com,+1-992-358-3206,Mumbai,MH,India,Central,2021-09-26,Retail
CUST00217,James Anderson,alvarezjulie@ross.com,001-327-683-7693x89833,Delhi,DL,India,West,2024-07-05,E-commerce
CUST00218,Cohen-Johnston,powersrodney@lee-cooper.com,001-342-359-7927x03352,Delhi,DL,India,East,2024-04-28,E-commerce
CUST00219,Marc Hernandez,alexander14@ruiz-rivera.net,238.884.8792,Chicago,IL,USA,South,2023-07-17,Enterprise
CUST00220,"Rose, Scott and Brown",kristinawilliamson@marshall.com,(345)410-4636x8157,Los Angeles,CA,USA,West,2021-08-15,E-commerce
CUST00221,Castro-Marquez,wrightalyssa@burns-garner.com,(655)543-8404x608,Hamburg,HH,Germany,Central,2021-05-21,Wholesale
CUST00222,Mary Miller,rmeyer@salas.org,(464)595-7823,Los Angeles,CA,USA,Central,2024-12-09,Retail
CUST00223,Barker-Roach,russellstout@douglas.com,618-481-2520x56647,Dallas,TX,USA,South,2024-07-09,Retail
CUST00224,Anderson Inc,catherine93@hall.info,(489)475-2677,Dallas,TX,USA,South,2021-08-04,E-commerce
CUST00225,Phillip Smith,stephanie33@jones.org,257.336.6096x5699,Los Angeles,CA,USA,Central,2022-11-19,Enterprise
CUST00226,Rich and Sons,cterrell@hughes.com,976-944-7264x9082,Chennai,TN,India,West,2021-01-29,Wholesale
CUST00227,"Wilson, Osborne and Pace",phillipmorris@white.com,814.452.1117x518,Atlanta,GA,USA,West,2022-07-09,Wholesale
CUST00228,Randy Barr,fernandothomas@williams.info,221-923-0940x7778,Delhi,DL,India,South,2021-10-25,Retail
CUST00229,"Keller, Chavez and Ramos",sanchezamy@fuller.com,(705)302-0994,Mumbai,MH,India,East,2020-11-14,Enterprise
CUST00230,Christopher Powers,tammycurry@huynh-davis.com,856-516-8147x21458,Los Angeles,CA,USA,East,2024-02-08,E-commerce
CUST00231,Ashley Blair,webbhaley@mitchell.net,001-995-429-9787,Chennai,TN,India,Central,2025-01-16,E-commerce
CUST00232,Erickson and Sons,wilsonsteven@mclaughlin.org,(760)255-8303x44144,Delhi,DL,India,Central,2021-03-12,E-commerce
CUST00233,Peterson-Ramsey,collierjames@nielsen-mendoza.info,2276278576,Columbus,OH,USA,South,2023-06-14,Wholesale
CUST00234,"Stewart, Herrera and Clark",lauren51@ramirez.com,(882)399-6291x4504,Newark,NJ,USA,West,2023-02-10,Retail
CUST00235,Watson LLC,aliciathompson@glover-strickland.com,480.378.2357x845,Chennai,TN,India,West,2024-09-26,E-commerce
CUST00236,Megan Anderson,stevensjennifer@wilson.org,657-501-8409,Hamburg,HH,Germany,South,2022-03-25,E-commerce
CUST00237,Donald Flores,rlambert@moore.com,+1-588-413-8585x424,Atlanta,GA,USA,Central,2020-12-25,Enterprise
CUST00238,Gina Wallace,anthonyberger@rodriguez.com,(462)399-7954x53817,Chennai,TN,India,North,2024-09-09,E-commerce
CUST00239,"Mcdonald, Bryant and Cohen",oruiz@callahan.com,(962)955-7701x715,Atlanta,GA,USA,West,2024-11-08,Wholesale
CUST00240,Tate-Munoz,williamsullivan@robles.com,+1-476-996-3938,Los Angeles,CA,USA,East,2022-07-18,E-commerce
CUST00241,Robert Garza,vbradley@benson.org,319.897.5817x2461,Columbus,OH,USA,Central,2022-04-06,E-commerce
CUST00242,Amy Robinson,paigeberger@pacheco.info,+1-646-699-7335,Hamburg,HH,Germany,West,2025-03-21,Retail
CUST00243,Michelle Herman,aguilarcheryl@powell.com,+1-800-885-1403,Newark,NJ,USA,East,2023-10-02,Wholesale
CUST00244,Jennifer Graham,elainewells@peters.biz,(842)420-1027,Mumbai,MH,India,North,2021-01-18,Retail
CUST00245,"Shaffer, Dalton and English",dhanson@coleman.com,(869)709-7384,Singapore,SG,Singapore,East,2020-10-17,Retail
CUST00246,Carroll Ltd,daniel71@cross.com,281.789.1371x894,Chicago,IL,USA,East,2023-04-20,Enterprise
CUST00247,Harrison PLC,vberry@gomez-levine.com,620-294-9407x9290,Atlanta,GA,USA,South,2022-01-22,E-commerce
CUST00248,Martinez Inc,johnathan94@hodge-smith.com,+1-229-727-5243x728,Atlanta,GA,USA,South,2025-07-18,Wholesale
CUST00249,Larson and Sons,amullins@young-alexander.com,895.904.1027,Mumbai,MH,India,Central,2022-02-18,Wholesale
CUST00250,"Vaughan, Nielsen and Hall",jwells@berg.info,(358)601-8569x4544,Rotterdam,ZH,Netherlands,South,2023-11-24,Wholesale
CUST00251,Murray-Leonard,jessicachapman@meyer.com,680-501-0618x17534,Los Angeles,CA,USA,West,2020-10-18,Enterprise
CUST00252,Amy Wheeler,stephanielittle@rosario.biz,+1-492-312-4471x74654,Chennai,TN,India,East,2022-01-05,Wholesale
CUST00253,Reyes LLC,scottlisa@alexander.com,+1-662-371-2863x917,Columbus,OH,USA,Central,2020-10-19,Enterprise
CUST00254,Nicholas Waters,mosleyeduardo@smith.com,001-556-290-8776x618,Mumbai,MH,India,East,2022-07-19,E-commerce
CUST00255,Penny Martinez,mathew46@chen.com,(685)817-4328x063,Newark,NJ,USA,West,2025-02-08,E-commerce
CUST00256,"Barker, Tucker and Mcclure",imoss@lee.org,276.218.4787,Mumbai,MH,India,Central,2022-04-28,Enterprise
CUST00257,French-Williams,lewisdesiree@ellis.com,001-293-410-2707x9032,Singapore,SG,Singapore,East,2023-10-16,Retail
CUST00258,Samantha Davis,marybrown@wilson.org,413.765.6519,Hamburg,HH,Germany,West,2024-10-22,Enterprise
CUST00259,Duran PLC,matthewmartinez@todd.com,+1-827-439-0219,Hamburg,HH,Germany,North,2020-09-14,E-commerce
CUST00260,Mr. Christopher Davis,robert72@thomas.net,763.829.0927x914,Los Angeles,CA,USA,South,2020-08-25,Enterprise
CUST00261,Lee PLC,montgomerymichelle@romero.com,603-512-7722x005,Newark,NJ,USA,Central,2022-10-19,Enterprise
CUST00262,Robert Chang,garciabrian@thompson.com,537-399-5635,Singapore,SG,Singapore,South,2022-04-04,Retail
CUST00263,Oscar Kane,evance@richards-brown.biz,(539)772-6527,Hamburg,HH,Germany,North,2025-07-03,Enterprise
CUST00264,Cameron Schwartz,ramirezdaniel@ellis-jackson.com,349.829.2983,Chicago,IL,USA,Central,2024-11-28,Enterprise
CUST00265,Zachary Vargas PhD,alexis63@murphy.com,001-229-806-0078,Dallas,TX,USA,East,2023-04-13,Enterprise
CUST00266,Robert Nicholson,fsimpson@mullins.com,(954)231-0742,Atlanta,GA,USA,South,2025-07-04,Wholesale
CUST00267,Charles Warner,kristywood@padilla-smith.com,(758)204-6498x9319,Columbus,OH,USA,Central,2023-03-14,Enterprise
CUST00268,Helen Williams,ndiaz@diaz.net,001-518-732-5381x793,Los Angeles,CA,USA,West,2022-05-23,Enterprise
CUST00269,Michael Ramirez,watsonshaun@rose.net,379-451-3711x6241,Columbus,OH,USA,North,2022-01-02,E-commerce
CUST00270,Kathleen Golden,cartertara@huynh.com,931-903-8569x5579,Atlanta,GA,USA,South,2022-02-23,E-commerce
CUST00271,Richard Jackson,jeremy54@hernandez.info,(592)384-2222,Delhi,DL,India,East,2020-10-31,Retail
CUST00272,Cameron Green,jamiemann@stewart.net,(784)410-6727,Chicago,IL,USA,East,2020-08-24,Retail
CUST00273,"Payne, Romero and Holland",thomas49@thomas.info,317-702-8140x69375,Hamburg,HH,Germany,East,2020-11-25,E-commerce
CUST00274,Lauren Walker,james18@rhodes-rosario.net,(837)759-9805x6265,Columbus,OH,USA,North,2020-09-08,Wholesale
CUST00275,Bell-Madden,lewispamela@riddle.biz,001-862-399-1234x7851,Rotterdam,ZH,Netherlands,Central,2020-08-29,Enterprise
CUST00276,Denise Thompson,wpage@gonzalez.com,+1-570-249-4787,Newark,NJ,USA,North,2024-07-31,E-commerce
CUST00277,Eric Davidson,qmartinez@butler-vasquez.com,8146719597,Los Angeles,CA,USA,West,2023-10-07,Retail
CUST00278,Mccann-Cardenas,william90@martin-brown.com,325.520.4565x044,Chicago,IL,USA,East,2024-06-16,E-commerce
CUST00279,Duran PLC,amybrennan@marsh.com,789-952-0284,Newark,NJ,USA,Central,2022-09-08,Wholesale
CUST00280,Garcia and Sons,mariepope@austin.net,001-781-467-1120x754,Columbus,OH,USA,Central,2024-09-16,E-commerce
CUST00281,"Mills, Cordova and Jackson",anthony13@vincent.com,323-221-6110x7603,Singapore,SG,Singapore,South,2024-08-04,E-commerce
CUST00282,Amy Wilson,bradley40@patton.com,001-732-750-1249,Chennai,TN,India,Central,2021-06-06,E-commerce
CUST00283,Monica Allen,garciabelinda@rice.com,428-701-3875x9271,Los Angeles,CA,USA,North,2025-07-13,Enterprise
CUST00284,Lewis-Perez,juarezleon@rodriguez-taylor.com,001-648-901-5716x479,Chennai,TN,India,South,2021-10-03,Enterprise
CUST00285,Roberts-Wyatt,melissajacobson@crosby-richardson.com,+1-371-767-8112x66912,Hamburg,HH,Germany,East,2025-07-02,Enterprise
CUST00286,Gonzalez-Anthony,bmartinez@porter.org,365-679-6784x271,Los Angeles,CA,USA,South,2023-01-27,Retail
CUST00287,Tommy Johnson,greertyrone@stanton.org,+1-952-649-9118x77347,Chennai,TN,India,North,2023-05-04,Wholesale
CUST00288,Kimberly Smith,ewingnicole@reyes.biz,870.902.8427x624,Rotterdam,ZH,Netherlands,North,2024-06-12,Retail
CUST00289,Katherine Spencer,kalvarez@brown.biz,+1-254-750-0902x559,Newark,NJ,USA,South,2022-07-12,Wholesale
CUST00290,Reed-Howard,brian33@wong.com,001-814-615-2085x076,Delhi,DL,India,South,2020-09-23,Wholesale
CUST00291,Alex Stewart,gmorris@garcia-leonard.com,685.629.4563x7183,Newark,NJ,USA,East,2020-11-11,Wholesale
CUST00292,Jennifer Perez PhD,robbinsbelinda@rogers.info,(935)414-8468x53664,Rotterdam,ZH,Netherlands,North,2025-01-11,Enterprise
CUST00293,Kelli Lopez,vlewis@adams-little.org,001-769-308-3572x32466,Atlanta,GA,USA,South,2023-10-18,Enterprise
CUST00294,Debra Mitchell,jonathanburke@allen-hernandez.com,447.678.6603,Dallas,TX,USA,North,2021-04-23,Wholesale
CUST00295,Clarke-Ramirez,dawnwilliams@tucker.com,694-916-5162x31981,Newark,NJ,USA,Central,2025-01-18,Enterprise
CUST00296,Greene LLC,marisa63@robinson-rodriguez.com,876-949-0785x158,Los Angeles,CA,USA,North,2024-01-15,Wholesale
CUST00297,Sherry Giles,thomas54@brewer.com,001-203-848-6451x8376,Delhi,DL,India,North,2025-04-06,Retail
CUST00298,Turner-Mayer,kennethvillarreal@moon.com,001-360-741-7765x61248,Columbus,OH,USA,Central,2022-09-24,Retail
CUST00299,"Li, Rojas and Chavez",gilldanielle@mccoy.com,5634459112,Newark,NJ,USA,Central,2024-11-10,Retail
CUST00300,Rebecca Flores,irusso@thompson-watkins.com,531-365-2669x3008,Hamburg,HH,Germany,Central,2025-06-30,Enterprise
CUST00301,Green and Sons,moralesroy@hernandez-rubio.com,001-510-586-7713,Chicago,IL,USA,North,2025-05-10,E-commerce
CUST00302,Deborah Francis,nanderson@lewis.com,(326)220-4439x73597,Mumbai,MH,India,North,2022-12-21,E-commerce
CUST00303,Valerie Sanders,jennifererickson@harper.com,737-459-9004x89646,Chennai,TN,India,North,2025-06-19,Retail
CUST00304,"Williams, White and Jackson",dconrad@davis.net,(624)715-0274x56449,Atlanta,GA,USA,North,2022-10-21,Wholesale
CUST00305,Stewart Group,angelalivingston@yates.com,(207)942-7617,Hamburg,HH,Germany,Central,2022-05-30,Enterprise
CUST00306,"Hoffman, Ellis and Rodriguez",daviddavis@white-jackson.net,999-339-0892x613,Rotterdam,ZH,Netherlands,Central,2025-01-23,Enterprise
CUST00307,Mitchell Ltd,longbrittany@hood.com,977-774-9050,Rotterdam,ZH,Netherlands,West,2025-05-12,Retail
CUST00308,Dr. Rebecca Anderson DVM,marcus01@crane.com,461.303.2664,Dallas,TX,USA,Central,2022-02-13,Wholesale
CUST00309,Fitzgerald-Dorsey,michaeldavis@hunt-burns.biz,249.796.1659x2661,Newark,NJ,USA,West,2025-06-29,Enterprise
CUST00310,Maria Reeves,prose@miller.info,322-843-8649x0810,Mumbai,MH,India,West,2022-09-10,Retail
CUST00311,Guerrero-Carroll,michael91@smith.com,(501)464-5977x9452,Columbus,OH,USA,East,2021-01-06,Enterprise
CUST00312,Mrs. Megan Hamilton,smithdarryl@rios.biz,+1-397-249-9564x12203,Hamburg,HH,Germany,West,2024-02-08,Retail
CUST00313,Trevino and Sons,pwong@graham.net,414.472.7601,Dallas,TX,USA,North,2024-04-27,E-commerce
CUST00314,Maynard-Ruiz,mrichards@hudson-bass.com,901-566-7998x40767,Singapore,SG,Singapore,East,2024-03-13,Wholesale
CUST00315,"Smith, Ray and Tran",patricia67@simpson.com,760.924.3757x383,Rotterdam,ZH,Netherlands,Central,2021-04-13,Enterprise
CUST00316,Michael Moyer,laura29@campbell.com,+1-272-223-2971x67433,Mumbai,MH,India,East,2022-06-03,E-commerce
CUST00317,Michael Thompson,romanmatthew@williamson.net,374.255.0842,Singapore,SG,Singapore,North,2025-04-05,Enterprise
CUST00318,Jim Skinner,villegaskimberly@casey.com,712.413.5247x87125,Columbus,OH,USA,North,2021-03-29,Wholesale
CUST00319,Gonzales Group,sanchezlisa@mitchell-jackson.com,(965)732-8632x666,Chennai,TN,India,South,2025-05-06,Retail
CUST00320,Thomas-Smith,millerleroy@hamilton.com,+1-429-808-4668x45504,Delhi,DL,India,East,2022-11-09,Retail
CUST00321,Joshua Kramer,zterry@sullivan.com,+1-656-728-8431,Rotterdam,ZH,Netherlands,South,2024-05-30,E-commerce
CUST00322,Alexis Hogan,john46@rodriguez.net,(510)717-4907x539,Rotterdam,ZH,Netherlands,Central,2022-02-14,Retail
CUST00323,Robin Armstrong,jenniferstone@garcia.org,257.812.6611,Hamburg,HH,Germany,East,2025-01-25,Retail
CUST00324,Lewis-Miller,hchapman@wiggins-silva.biz,376.522.8277x288,Singapore,SG,Singapore,East,2022-11-26,Enterprise
CUST00325,Francis PLC,sandra19@rodriguez-wood.com,9822154544,Atlanta,GA,USA,South,2024-07-31,E-commerce
CUST00326,Bowers Group,zunigakevin@lewis-fuentes.info,6189510679,Singapore,SG,Singapore,North,2025-02-15,Retail
CUST00327,Karen Cortez,kathleenwagner@gill-contreras.com,001-651-399-6636x5807,Newark,NJ,USA,West,2024-12-15,E-commerce
CUST00328,"Johnson, Mccoy and Ingram",ann18@lee.net,001-409-283-7801,Atlanta,GA,USA,East,2022-01-01,Enterprise
CUST00329,Ronald Combs,imiller@flores.com,662-460-8564x11182,Rotterdam,ZH,Netherlands,Central,2021-07-16,Retail
CUST00330,Brittany Farley,brianwoodward@johnson.com,(515)926-5461x0339,Atlanta,GA,USA,South,2023-03-03,Retail
CUST00331,Tiffany Adams,steven61@johnson-schultz.com,589-413-8249x671,Los Angeles,CA,USA,West,2022-06-29,E-commerce
CUST00332,Casey PLC,jali@williams-hess.org,620-207-4946x5398,Chennai,TN,India,West,2021-06-07,Enterprise
CUST00333,"Hart, Turner and Foster",rivasjessica@johns-clark.net,254-974-3553x79502,Delhi,DL,India,North,2020-08-24,Enterprise
CUST00334,Chambers Group,ifarmer@cobb.com,+1-407-215-6956,Los Angeles,CA,USA,Central,2021-04-01,E-commerce
CUST00335,Mayer-Wallace,juliachang@morse.org,+1-843-337-5047x9303,Los Angeles,CA,USA,North,2024-12-22,Wholesale
CUST00336,"Mason, Jackson and Lee",cameronanderson@anderson.com,843.608.9487x06056,Rotterdam,ZH,Netherlands,North,2021-03-27,Retail
CUST00337,"Owens, Ward and Blake",brandonhull@cole.com,001-603-361-3325,Newark,NJ,USA,South,2023-10-04,Enterprise
CUST00338,Johnson Group,watkinsconnie@pittman-wright.info,950.358.3199,Dallas,TX,USA,North,2023-10-02,E-commerce
CUST00339,Angela Brown,bennettpamela@brown.info,6498611080,Atlanta,GA,USA,South,2022-08-20,E-commerce
CUST00340,"Walton, Hall and Greene",chavezsteven@hobbs-harvey.com,+1-507-485-9311x0919,Newark,NJ,USA,Central,2023-10-24,Enterprise
CUST00341,Kelly-Olson,ilopez@brown.org,(285)449-8227x49545,Singapore,SG,Singapore,North,2020-11-29,E-commerce
CUST00342,"Fuentes, Hansen and Brown",james33@peterson.info,001-379-959-9594x652,Dallas,TX,USA,East,2025-01-02,E-commerce
CUST00343,Crawford Inc,heatherowens@allen.com,001-463-662-0501x5081,Singapore,SG,Singapore,West,2022-10-30,Enterprise
CUST00344,"Willis, Cannon and Williams",gonzalezjustin@mcclure.com,583-623-0241x02615,Chicago,IL,USA,East,2022-11-28,Wholesale
CUST00345,Jaime Jackson,ejohns@thomas.com,586.655.9630,Rotterdam,ZH,Netherlands,West,2024-07-28,Enterprise
CUST00346,Wright-Soto,monique89@clark-miller.info,+1-991-928-6857x87255,Dallas,TX,USA,South,2022-12-30,E-commerce
CUST00347,"Morales, Morse and Silva",clarkpatricia@roy-foster.com,(569)225-4812x14785,Delhi,DL,India,North,2022-12-14,E-commerce
CUST00348,Jessica Mcdonald,frichardson@nelson-johnson.info,341.651.4888,Singapore,SG,Singapore,East,2025-04-04,Wholesale
CUST00349,Wilson LLC,paynematthew@murphy.com,892.884.0445,Atlanta,GA,USA,North,2024-09-25,Retail
CUST00350,"Smith, Valdez and Hays",michelleperez@curry.net,001-777-451-5366x37780,Newark,NJ,USA,East,2023-07-07,Enterprise
CUST00351,Tony Smith,matthew66@goodwin.com,590-890-2259x99966,Hamburg,HH,Germany,South,2020-12-11,Wholesale
CUST00352,Lopez-Rodriguez,tfowler@jackson.net,(609)570-2316,Los Angeles,CA,USA,South,2021-10-16,Wholesale
CUST00353,Andrea Brown,jacksonmichele@myers-mayo.com,+1-867-916-3234,Hamburg,HH,Germany,North,2021-06-02,Wholesale
CUST00354,Emily Harris,ahill@griffin.org,385.697.7790,Hamburg,HH,Germany,West,2023-11-10,E-commerce
CUST00355,Hannah Kirby,peter26@white.biz,362.591.6032x484,Rotterdam,ZH,Netherlands,West,2025-03-03,Enterprise
CUST00356,Philip Martinez,charles18@ortiz-martin.com,307.401.7656x36004,Hamburg,HH,Germany,East,2022-04-06,Wholesale
CUST00357,"Marshall, Murray and Miller",jenniferkim@hoover-skinner.com,3912241862,Chennai,TN,India,West,2024-01-05,Enterprise
CUST00358,Hunter Robinson,staffordamanda@horton-copeland.net,+1-516-547-0900x6335,Rotterdam,ZH,Netherlands,North,2021-01-30,Enterprise
CUST00359,Johnson-Smith,erinbrown@robles.com,001-820-868-1558x3938,Los Angeles,CA,USA,West,2021-03-25,E-commerce
CUST00360,Rodriguez LLC,alexisvaldez@price.com,949-350-1364,Columbus,OH,USA,East,2024-03-10,Retail
CUST00361,Tammy Carroll,susan95@horton.com,225-571-5099x76838,Dallas,TX,USA,Central,2020-09-24,E-commerce
CUST00362,Parker Ltd,ntodd@brown.info,232-863-0397x5245,Delhi,DL,India,North,2023-11-13,E-commerce
CUST00363,Alexander Bradford,matthew38@knox.com,+1-439-568-5270x17130,Rotterdam,ZH,Netherlands,South,2021-04-03,Enterprise
CUST00364,Joshua Pope,joelmiller@mcdonald.biz,(993)344-9734,Delhi,DL,India,South,2025-05-19,Retail
CUST00365,Sanders-Jackson,nhenderson@hamilton.info,4666149828,Columbus,OH,USA,North,2022-07-12,Wholesale
CUST00366,Chavez-Brooks,ijones@harrison.com,357.866.6567x49160,Singapore,SG,Singapore,West,2025-04-15,E-commerce
CUST00367,Lee Group,kelsey58@burns.biz,(433)270-5024x97243,Rotterdam,ZH,Netherlands,South,2021-03-18,Enterprise
CUST00368,Newman Group,fmccarthy@kent.biz,448-686-9461x195,Los Angeles,CA,USA,West,2024-05-15,E-commerce
CUST00369,Jennifer Parker,lisasmith@ayala.net,(546)422-5223x72817,Hamburg,HH,Germany,Central,2021-08-18,Retail
CUST00370,Rhonda Lee,nalexander@oneill.com,216-214-1509x3771,Hamburg,HH,Germany,East,2021-12-15,Retail
CUST00371,Ortega Inc,clarklatoya@morrison-hatfield.com,275.796.5555x3566,Delhi,DL,India,West,2024-12-28,Enterprise
CUST00372,Smith Ltd,ihardy@guzman.com,001-735-279-7863x050,Hamburg,HH,Germany,Central,2025-06-22,Wholesale
CUST00373,"Nguyen, Wallace and Lawson",ystevenson@bailey.com,001-664-993-2898x0271,Rotterdam,ZH,Netherlands,South,2021-06-19,Enterprise
CUST00374,Friedman-Olson,johnjackson@graves.com,(956)343-4712,Hamburg,HH,Germany,West,2024-08-08,Wholesale
CUST00375,Wiggins-Huynh,schneidernicholas@paul.net,(733)441-4111x59319,Dallas,TX,USA,East,2024-11-22,E-commerce
CUST00376,Laura Smith,lawrencejames@whitney-flores.com,+1-528-999-3160x87524,Columbus,OH,USA,South,2024-01-10,Retail
CUST00377,Drew Burgess,georgekyle@martinez.info,+1-837-646-0523x3027,Mumbai,MH,India,Central,2025-07-19,Enterprise
CUST00378,"Gaines, Moore and Smith",rrogers@mooney-todd.biz,784-243-8612,Los Angeles,CA,USA,South,2024-11-15,Wholesale
CUST00379,"Torres, Pena and Ray",sdominguez@clark.com,001-405-291-2662x0157,Chennai,TN,India,South,2021-03-19,Wholesale
CUST00380,Gina Hamilton,courtneypowell@wilson.info,392-361-7647x5011,Atlanta,GA,USA,North,2023-01-27,Enterprise
CUST00381,Katrina Johnson,vhill@bauer.biz,964.392.1518x2606,Dallas,TX,USA,Central,2023-03-22,Retail
CUST00382,Michelle Tyler,molinajared@merritt.com,4873510293,Rotterdam,ZH,Netherlands,South,2023-06-10,E-commerce
CUST00383,Miller Inc,michael82@rowland-barrett.com,508-348-7297x5859,Atlanta,GA,USA,Central,2023-12-09,Wholesale
CUST00384,Andrew Thomas,susanguzman@vargas.com,001-896-418-4462x6714,Chicago,IL,USA,West,2023-04-22,Enterprise
CUST00385,Nicholas Cowan,jenniferelliott@hoover.com,766-309-3141x81861,Newark,NJ,USA,West,2022-06-10,Enterprise
CUST00386,Donald Melton,joshuagarcia@gray.com,(684)697-1859,Chennai,TN,India,South,2023-08-31,Wholesale
CUST00387,Jackson Group,michaelfigueroa@arnold.org,(640)282-2269,Chennai,TN,India,South,2025-03-21,Enterprise
CUST00388,Jacqueline Waters,lmann@andersen-lindsey.net,546-383-4146x5111,Rotterdam,ZH,Netherlands,West,2021-06-14,E-commerce
CUST00389,Patrick Spencer,astokes@rhodes-randolph.com,578.281.6093x0685,Mumbai,MH,India,Central,2023-08-31,E-commerce
CUST00390,Megan Macias,gregoryrichardson@palmer.biz,662.551.5381x4474,Newark,NJ,USA,Central,2020-08-21,Wholesale
CUST00391,Jennifer Leblanc,wallspatricia@brown-smith.info,345-410-5265x01673,Chicago,IL,USA,West,2022-09-05,Enterprise
CUST00392,Smith-Hammond,jeremy65@diaz-mcclain.net,517-672-2560x531,Dallas,TX,USA,Central,2020-10-29,Retail
CUST00393,Fisher-Rivera,martinjames@moyer-bird.com,(478)772-5686x21102,Atlanta,GA,USA,East,2023-02-16,E-commerce
CUST00394,Cynthia Gregory,russell90@castillo-campbell.com,001-963-392-8234x14363,Atlanta,GA,USA,West,2024-02-18,Retail
CUST00395,Catherine Riddle,jeromeanderson@hill.com,(909)231-0668x43356,Newark,NJ,USA,West,2023-03-06,Enterprise
CUST00396,Elizabeth Adams,sherry63@jacobson-white.com,4536474916,Mumbai,MH,India,North,2025-05-14,E-commerce
CUST00397,Cook-Rodriguez,vegakaylee@rivera.com,001-398-295-3439x6112,Newark,NJ,USA,West,2023-07-24,Retail
CUST00398,"Roth, Lee and Griffin",jonesamy@turner-wells.com,+1-720-723-6848,Chicago,IL,USA,East,2022-11-13,Retail
CUST00399,Susan Jones,gmills@jackson.com,809-803-6788x1278,Hamburg,HH,Germany,East,2022-08-18,Wholesale
CUST00400,Clark-Smith,brittanysmith@gibson.com,544.681.2308,Los Angeles,CA,USA,West,2020-10-27,Wholesale
CUST00401,Stephen Ho,morgan03@nichols.com,+1-295-751-8426x9450,Chennai,TN,India,West,2021-09-21,Retail
CUST00402,Cassandra Bonilla,sharphailey@scott.com,435.943.9627x365,Chicago,IL,USA,East,2021-02-04,Wholesale
CUST00403,Cody Huffman,ashleyharding@holland.com,(526)993-1216,Delhi,DL,India,Central,2025-03-04,E-commerce
CUST00404,Garcia-Rose,morrisonnicholas@rodriguez.com,(731)342-9001,Los Angeles,CA,USA,South,2021-08-21,Enterprise
CUST00405,Malone-Stafford,kylemendoza@brown.com,+1-581-200-1841x8620,Newark,NJ,USA,West,2021-10-04,E-commerce
CUST00406,Hernandez-Rios,sandracohen@henson.com,731-345-1951,Chennai,TN,India,Central,2025-02-07,Retail
CUST00407,Cassandra Moreno,erinhernandez@mcdaniel.com,975-341-0225x267,Rotterdam,ZH,Netherlands,South,2021-03-11,Wholesale
CUST00408,Moyer-Ramirez,morrisdavid@gomez-snyder.info,001-969-552-3668x788,Chicago,IL,USA,Central,2022-07-20,Enterprise
CUST00409,"Espinoza, Rose and Frank",jacquelineyoung@harris.com,+1-972-410-5524,Mumbai,MH,India,South,2024-10-20,Retail
CUST00410,"Bonilla, Durham and Sanchez",briantaylor@padilla.biz,(301)591-7920x252,Columbus,OH,USA,North,2021-01-04,Retail
CUST00411,"Guerra, Butler and Cannon",vmanning@hale.com,804.812.0092x820,Chennai,TN,India,North,2024-01-10,E-commerce
CUST00412,Kristen Gallegos,jenna62@dudley-boyd.com,001-736-890-3628x9177,Los Angeles,CA,USA,North,2024-10-05,Enterprise
CUST00413,Robert Lucas,josephgarcia@morrison-bradford.com,642.581.1390,Columbus,OH,USA,South,2023-05-21,Retail
CUST00414,Amanda Adams,elliottkristy@williams.com,4543683565,Singapore,SG,Singapore,East,2022-04-13,Wholesale
CUST00415,"Gordon, Shaw and Hampton",matthewspatrick@melton.info,713-932-2889,Delhi,DL,India,East,2024-07-21,Wholesale
CUST00416,Isaac Chase,twilliams@hughes.com,(997)310-2481,Hamburg,HH,Germany,West,2022-11-25,E-commerce
CUST00417,Edward Jones,michael12@ingram.com,001-772-719-7054x66927,Atlanta,GA,USA,North,2022-06-30,E-commerce
CUST00418,"Gutierrez, Cole and Rich",oliverdawn@gibbs.com,946-329-6136,Newark,NJ,USA,North,2022-05-16,Wholesale
CUST00419,Joseph Cardenas,millerjessica@tate-gonzalez.com,955-297-3714,Columbus,OH,USA,East,2023-05-09,E-commerce
CUST00420,Brianna Lewis,huertakim@mayer.biz,830.330.6442x1214,Delhi,DL,India,West,2022-02-12,Enterprise
CUST00421,"Hayes, Barnes and Lewis",jack01@peterson-mullins.com,856.277.8265,Hamburg,HH,Germany,South,2023-06-07,Enterprise
CUST00422,"Gonzalez, Sharp and Lane",mariodowns@newton.com,327.251.6480x727,Chicago,IL,USA,East,2021-09-20,Enterprise
CUST00423,Fisher PLC,carolynrobinson@farley.org,9558044817,Columbus,OH,USA,West,2022-09-05,E-commerce
CUST00424,Joshua Mills,daniel27@brooks-tran.com,+1-366-346-4911,Mumbai,MH,India,East,2023-11-16,Wholesale
CUST00425,"Randolph, Garcia and Brady",schultzwesley@contreras.com,978.861.3715,Chennai,TN,India,East,2025-03-01,Enterprise
CUST00426,Rachel Foster,kimberly84@hobbs-baker.biz,+1-830-560-0025x89552,Singapore,SG,Singapore,West,2023-05-28,Retail
CUST00427,Lee-Newman,solisbecky@ayers.com,(458)726-3128x1964,Atlanta,GA,USA,Central,2021-08-24,Enterprise
CUST00428,Johnson Inc,anthonyzimmerman@armstrong.com,652.333.4383x640,Dallas,TX,USA,East,2025-04-20,Enterprise
CUST00429,"Johnson, Mercer and Camacho",stevenscaitlin@thomas.com,817-353-6170,Rotterdam,ZH,Netherlands,West,2023-01-22,Wholesale
CUST00430,Christine Barnes,cynthia72@evans.org,+1-690-315-5799x8028,Columbus,OH,USA,West,2021-08-04,Retail
CUST00431,Alexander Hunt,javierdiaz@johnson.com,624-947-3158,Columbus,OH,USA,Central,2024-05-08,E-commerce
CUST00432,Graham-Potts,johngonzalez@campbell.org,823-876-7694x5919,Chicago,IL,USA,North,2021-08-16,E-commerce
CUST00433,Brooks-Chen,colepamela@king.net,(760)712-5625x313,Singapore,SG,Singapore,South,2021-05-08,Retail
CUST00434,Martinez-Flores,lovejason@pope.biz,793-783-1849x1966,Rotterdam,ZH,Netherlands,West,2021-08-13,Retail
CUST00435,Lang Group,mooneyrobert@chavez.com,001-963-690-4090,Newark,NJ,USA,East,2021-04-13,Enterprise
CUST00436,Johnson-Ferguson,rogersallen@davis-lang.com,955-961-8579x064,Rotterdam,ZH,Netherlands,North,2024-11-13,Wholesale
CUST00437,Barbara Brooks,johnsonbrandon@taylor.biz,221.335.8004,Columbus,OH,USA,East,2020-11-12,E-commerce
CUST00438,Dennis Watts,knelson@silva.com,929-567-1883x97745,Rotterdam,ZH,Netherlands,South,2021-01-31,Enterprise
CUST00439,Dawson-Gomez,donnamoss@neal.info,7305376371,Hamburg,HH,Germany,East,2024-09-11,Wholesale
CUST00440,Kayla Edwards,jeanette28@sloan.com,(379)483-6314x6249,Chicago,IL,USA,South,2022-12-06,E-commerce
CUST00441,Mcgee and Sons,shannonjacob@alvarez.info,(741)281-5632x686,Delhi,DL,India,North,2022-10-31,Enterprise
CUST00442,Anthony Reyes,mlee@thompson-hill.org,586.310.3131x0094,Singapore,SG,Singapore,West,2023-04-15,Wholesale
CUST00443,Stephen Lyons,gmyers@gross.com,932.635.4940x1289,Los Angeles,CA,USA,West,2024-11-20,Wholesale
CUST00444,"Allen, Edwards and Jones",martingibson@wade.com,2249120957,Dallas,TX,USA,West,2024-12-28,Wholesale
CUST00445,Andrew Smith,mary88@fischer.com,657-775-8474x5705,Chennai,TN,India,North,2025-01-30,Enterprise
CUST00446,Shannon Barrera,rrodriguez@chandler.com,+1-625-970-3965x31361,Singapore,SG,Singapore,North,2025-07-24,Enterprise
CUST00447,Carrie Lozano,pamela69@landry-hill.com,7986591679,Atlanta,GA,USA,South,2021-03-06,Enterprise
CUST00448,Porter Ltd,stevenhernandez@hanson-beck.com,641.240.7034x9107,Dallas,TX,USA,South,2022-10-11,Wholesale
CUST00449,"Flowers, Williams and Taylor",kristen88@mckay.com,(736)591-4307,Chennai,TN,India,North,2024-09-07,Enterprise
CUST00450,"Hughes, Ross and Strong",samantha94@elliott.com,001-623-342-6834,Columbus,OH,USA,West,2022-02-10,Wholesale
CUST00451,Julia White,hdavis@benson-gordon.com,456.676.6708x061,Dallas,TX,USA,North,2024-07-23,Enterprise
CUST00452,"Hunt, Martinez and Daniels",brian62@santiago-ford.net,701.204.1591x497,Singapore,SG,Singapore,West,2021-03-26,E-commerce
CUST00453,Kayla Love,zacharyhart@taylor-jacobson.com,340-579-3110x2918,Rotterdam,ZH,Netherlands,North,2021-08-25,Wholesale
CUST00454,Ross Wallace,howekevin@mcgrath-wilkins.net,597-991-6202x232,Hamburg,HH,Germany,North,2023-01-11,E-commerce
CUST00455,Contreras-Haley,rrichardson@cruz-marsh.info,(962)204-7196x09409,Delhi,DL,India,East,2025-03-02,Wholesale
CUST00456,Charles Khan,khill@mason-callahan.com,(686)681-2259x572,Delhi,DL,India,Central,2025-03-30,Wholesale
CUST00457,Ryan Webb,lobrien@erickson.com,(259)295-9961,Atlanta,GA,USA,West,2024-11-19,Retail
CUST00458,Brent Rodriguez,omorris@flynn.biz,001-761-309-4101x75902,Delhi,DL,India,South,2024-02-13,Enterprise
CUST00459,Anderson-Walsh,jameshenry@mitchell.net,719.801.3020,Columbus,OH,USA,South,2023-06-20,Enterprise
CUST00460,Gina Fleming,nlee@carey.net,(617)366-1912,Delhi,DL,India,East,2021-03-20,Retail
CUST00461,Williams PLC,andrew44@warner-jones.com,318-993-8984x6908,Hamburg,HH,Germany,Central,2025-04-23,Enterprise
CUST00462,Delgado-Johnson,vgreen@taylor.com,001-903-471-9905x16991,Los Angeles,CA,USA,Central,2021-12-23,Retail
CUST00463,Garcia Group,debrareynolds@harrington-walter.com,9002389608,Atlanta,GA,USA,Central,2022-07-24,Wholesale
CUST00464,Dominguez-Jordan,hdunn@wilson-gilbert.com,(235)260-3319x036,Rotterdam,ZH,Netherlands,Central,2024-12-28,Enterprise
CUST00465,Anthony Brown,cwhite@bailey-rios.com,529-967-1114x8375,Rotterdam,ZH,Netherlands,North,2024-03-11,Retail
CUST00466,Deleon-Carter,alisonadams@weaver.biz,001-397-741-3283x483,Hamburg,HH,Germany,Central,2024-04-01,Enterprise
CUST00467,Amanda Young,dsantos@smith.com,896-941-0496x706,Rotterdam,ZH,Netherlands,West,2020-11-06,Retail
CUST00468,Gray Ltd,qpatel@johnson-hines.com,+1-854-693-0596x601,Hamburg,HH,Germany,Central,2024-12-01,Enterprise
CUST00469,Julie Armstrong,francisco67@riddle.com,+1-641-238-4596x09454,Los Angeles,CA,USA,West,2021-03-31,Wholesale
CUST00470,Erica Baker,scottsmith@owens.info,+1-483-660-9149x8517,Hamburg,HH,Germany,West,2024-06-15,Enterprise
CUST00471,Green-Simpson,crystalthomas@douglas.com,+1-287-595-0830x44058,Singapore,SG,Singapore,North,2022-05-17,Wholesale
CUST00472,Hunter Inc,youngmark@calderon-becker.com,+1-264-420-5955x6574,Chennai,TN,India,West,2022-06-20,Wholesale
CUST00473,Conrad-Buck,rodriguezjason@dixon-norman.net,001-353-569-0261,Atlanta,GA,USA,East,2023-06-15,Enterprise
CUST00474,Miss Morgan Ryan MD,lawsondonna@alexander.com,953.853.7513,Columbus,OH,USA,West,2022-06-08,Wholesale
CUST00475,Jonathan Melendez,cjacobs@hall-carey.com,+1-736-392-9445,Delhi,DL,India,Central,2021-01-12,Retail
CUST00476,Wagner-Hernandez,xchen@yoder.com,(816)248-7120,Chennai,TN,India,North,2024-01-29,Enterprise
CUST00477,Anderson PLC,wstrong@morales.com,001-941-855-9991x015,Atlanta,GA,USA,North,2023-10-12,Retail
CUST00478,"Davenport, Roberts and Woods",jessicacummings@hendricks.com,001-695-376-5728,Mumbai,MH,India,Central,2021-10-15,E-commerce
CUST00479,Peterson-Elliott,ymitchell@todd-mckay.com,001-636-684-9951x5421,Atlanta,GA,USA,East,2023-01-22,Enterprise
CUST00480,Mcclure LLC,vanessa13@ramirez.net,001-820-990-8830x70534,Atlanta,GA,USA,West,2023-03-26,E-commerce
CUST00481,Phillips-Rodriguez,wallaceryan@miller-taylor.com,001-315-713-1528x5478,Los Angeles,CA,USA,West,2025-02-01,Retail
CUST00482,Hamilton Ltd,james80@burton.com,+1-234-872-7274x23183,Mumbai,MH,India,Central,2020-12-17,E-commerce
CUST00483,Christine Thompson,nwatts@welch-young.com,682.343.4776x9587,Newark,NJ,USA,Central,2021-09-20,Enterprise
CUST00484,Barnes-West,elainewilson@huber-guerrero.com,001-562-877-9630x448,Los Angeles,CA,USA,West,2020-12-06,E-commerce
CUST00485,Green-Stewart,blamb@green-brown.info,001-735-404-7639x2831,Chicago,IL,USA,North,2023-08-26,E-commerce
CUST00486,Clements Inc,tdavis@barr-wang.net,808-535-8328,Los Angeles,CA,USA,East,2022-01-28,E-commerce
CUST00487,Lozano LLC,ulewis@case.com,001-681-386-7024x40330,Mumbai,MH,India,North,2024-09-09,Wholesale
CUST00488,Rios-Anderson,michelle11@bowen.com,001-289-621-9639x4568,Los Angeles,CA,USA,North,2021-12-30,E-commerce
CUST00489,Garcia Ltd,bbennett@walker.net,374-988-3607x658,Delhi,DL,India,East,2021-09-30,Retail
CUST00490,Sanders and Sons,kwood@day.com,+1-911-582-3793x1269,Dallas,TX,USA,West,2020-12-02,Enterprise
CUST00491,Jason Yang PhD,morrisannette@savage-adams.com,001-887-387-5357x78811,Columbus,OH,USA,Central,2022-07-04,Enterprise
CUST00492,Carla Goodman,jameskane@williams.info,(387)828-6604,Newark,NJ,USA,Central,2025-08-09,E-commerce
CUST00493,"Weeks, Rhodes and Mills",anne22@mills-harris.org,001-958-294-7735x228,Chicago,IL,USA,North,2022-03-20,Wholesale
CUST00494,John Holder,collinsjacob@davis.org,892.615.8350x344,Chennai,TN,India,Central,2022-06-18,E-commerce
CUST00495,Villa-Hoffman,chrishernandez@robinson.com,596.359.9949x73203,Delhi,DL,India,South,2025-04-10,Enterprise
CUST00496,Briana Alvarez,morrispaula@taylor.biz,+1-775-348-1386x66754,Columbus,OH,USA,South,2025-01-15,E-commerce
CUST00497,Tina Dougherty,jennifer68@henry-mccormick.com,+1-565-520-5756,Singapore,SG,Singapore,East,2022-07-16,Enterprise
CUST00498,Fitzpatrick Inc,scottfox@willis.com,(648)209-4047x604,Delhi,DL,India,Central,2025-06-25,E-commerce
CUST00499,Sharon Pennington,ehenry@golden.com,(709)322-2161x070,Los Angeles,CA,USA,West,2024-11-30,Retail
CUST00500,Lucero-Lee,cookemily@hurst-jackson.org,001-458-906-6013x8241,Hamburg,HH,Germany,North,2020-11-06,E-commerce
CUST00501,"Gonzalez, Wagner and Thompson",collinsann@peterson.com,001-271-411-2125,Singapore,SG,Singapore,North,2024-07-27,E-commerce
CUST00502,Little Group,wileysherry@hood-may.com,001-524-606-4242x9563,Hamburg,HH,Germany,Central,2025-01-16,Wholesale
CUST00503,Edward Wolfe,christopher59@bailey-may.info,+1-720-696-2893x6543,Rotterdam,ZH,Netherlands,West,2021-01-29,Wholesale
CUST00504,Scott Group,anthony18@welch.com,(796)790-5150x267,Singapore,SG,Singapore,Central,2023-11-13,E-commerce
CUST00505,Lopez LLC,francisco82@gonzales.info,001-796-967-3459,Hamburg,HH,Germany,South,2024-01-08,Retail
CUST00506,Williams-Hickman,kathrynsantana@rodriguez.org,(790)228-2498x3922,Singapore,SG,Singapore,North,2025-06-23,Wholesale
CUST00507,Mcguire-Thomas,stephen27@hopkins.com,941-423-3613x2850,Columbus,OH,USA,West,2022-05-08,Wholesale
CUST00508,Pierce-Long,robertabarnett@mccarthy-hines.com,(925)226-5469x6815,Newark,NJ,USA,West,2021-09-25,E-commerce
CUST00509,Patricia Wood,walter09@walton.com,630.834.6156x2624,Singapore,SG,Singapore,North,2024-01-02,Wholesale
CUST00510,Johnson-Mullen,zwhite@holmes.com,+1-816-202-5298x67076,Delhi,DL,India,East,2022-02-21,E-commerce
CUST00511,Harmon-Wilson,xshaw@joseph-richard.com,626-586-1205,Columbus,OH,USA,South,2023-03-15,E-commerce
CUST00512,Shelby Graham,hcampbell@stevens-williams.org,+1-954-765-4084x24560,Columbus,OH,USA,Central,2022-02-11,Enterprise
CUST00513,Brian Dennis,fwright@davis.biz,257-493-8970x155,Singapore,SG,Singapore,East,2023-09-03,E-commerce
CUST00514,"Little, Macias and Reyes",morgandana@henderson-johnson.com,001-716-913-9449x8830,Newark,NJ,USA,East,2021-09-13,Enterprise
CUST00515,Hill-Barker,joshuapowers@ross.com,(730)562-4479x51330,Los Angeles,CA,USA,East,2020-12-11,Wholesale
CUST00516,Michael Wilcox,vwalters@price.com,357-927-7382x64609,Chennai,TN,India,East,2023-06-07,E-commerce
CUST00517,Miller-Adkins,kevin57@mcdonald.org,(896)360-4873x682,Singapore,SG,Singapore,East,2021-02-10,Enterprise
CUST00518,Lewis Inc,gregory26@ortiz.org,955-615-8886x367,Hamburg,HH,Germany,Central,2024-10-03,E-commerce
CUST00519,Thomas Thompson,aaron57@jackson.biz,(263)709-3299x81996,Mumbai,MH,India,East,2023-09-04,Wholesale
CUST00520,Hudson Group,craneandrew@stephenson.com,(675)332-7352,Los Angeles,CA,USA,North,2025-02-05,Enterprise
CUST00521,Joel Sanchez,yfritz@kaufman.com,+1-352-837-1006x876,Hamburg,HH,Germany,East,2025-05-31,E-commerce
CUST00522,"Medina, Baldwin and Lawson",gonzalesmaria@carter.com,(768)876-1124x912,Delhi,DL,India,East,2023-11-28,Enterprise
CUST00523,Durham Group,josephrivera@jones.com,001-645-247-5749x49022,Rotterdam,ZH,Netherlands,Central,2021-09-24,Wholesale
CUST00524,Elliott-Reeves,shirley29@torres.com,001-222-694-6430x3942,Hamburg,HH,Germany,Central,2022-06-12,Wholesale
CUST00525,Sheila Black,kmontgomery@schneider-matthews.net,585-667-2872x76015,Chicago,IL,USA,North,2021-08-28,E-commerce
CUST00526,Ramirez Ltd,santosmichael@hudson-fowler.com,001-383-235-0615x8148,Chennai,TN,India,North,2022-11-10,Wholesale
CUST00527,"Wright, Scott and Stevenson",jeremylove@williams.com,+1-541-531-2840,Delhi,DL,India,South,2021-11-05,E-commerce
CUST00528,Karen Garcia,florescynthia@mendoza.com,331.989.3974x9096,Chennai,TN,India,West,2024-07-06,Wholesale
CUST00529,Robert Mendez,qgay@guzman-vasquez.com,987-384-4483x54884,Los Angeles,CA,USA,East,2025-07-06,Enterprise
CUST00530,Katherine Flores,lsimpson@hodges.com,675-682-3133,Dallas,TX,USA,Central,2022-03-24,Wholesale
CUST00531,"Kennedy, Cohen and Pennington",ashleymoore@lee.com,(592)658-7964,Singapore,SG,Singapore,North,2022-12-26,Wholesale
CUST00532,Wood-Torres,maria57@coleman-long.biz,5605652740,Atlanta,GA,USA,North,2023-12-08,E-commerce
CUST00533,Ronnie Johnson,ugibbs@castro.net,941.513.2579x706,Atlanta,GA,USA,East,2022-01-10,Retail
CUST00534,"Willis, Brown and Brown",joshua57@rodriguez-taylor.com,662-629-4938x17359,Rotterdam,ZH,Netherlands,Central,2024-01-28,Retail
CUST00535,Randy Harrell,susan57@wilkerson.info,(953)244-9021x666,Columbus,OH,USA,East,2024-10-13,E-commerce
CUST00536,William Brooks,gforbes@tyler-vasquez.org,511-391-8182x81979,Delhi,DL,India,Central,2024-06-17,E-commerce
CUST00537,Donald Hayes,debrajones@johnston.biz,5697409600,Atlanta,GA,USA,Central,2022-10-05,E-commerce
CUST00538,Foley-Silva,amanda39@barry-espinoza.org,(232)434-2108,Dallas,TX,USA,East,2023-04-30,Wholesale
CUST00539,Erin Stewart,dominiqueharris@coleman.com,550.827.1607,Hamburg,HH,Germany,East,2020-11-14,Wholesale
CUST00540,Ross-Harris,hlawrence@costa.org,001-381-723-1795x5633,Columbus,OH,USA,East,2023-01-06,Wholesale
CUST00541,"Rodriguez, Bryant and Smith",gross@ward-collins.com,(243)416-7045x02329,Hamburg,HH,Germany,West,2023-03-22,E-commerce
CUST00542,Neal Inc,carlsonjason@guerrero.com,(722)682-2512x07346,Dallas,TX,USA,West,2023-09-26,Retail
CUST00543,Logan LLC,onealaustin@mcintyre.net,(998)922-1053x1611,Atlanta,GA,USA,West,2025-07-17,Enterprise
CUST00544,Kimberly Taylor,collinsterrance@anderson-douglas.com,+1-317-379-3238x223,Chicago,IL,USA,East,2024-03-18,E-commerce
CUST00545,Eaton-Garcia,johnblair@murphy-dickson.org,489.242.5652x90603,Los Angeles,CA,USA,East,2021-05-05,Enterprise
CUST00546,Conley and Sons,randysmith@webb-cooper.org,(473)679-4871x4855,Rotterdam,ZH,Netherlands,North,2022-05-01,Enterprise
CUST00547,Patricia Bryant,barnettmatthew@baker.com,+1-421-737-1184,Singapore,SG,Singapore,South,2022-02-28,Retail
CUST00548,William Miller,raymondpugh@lee.com,758.592.9880,Chennai,TN,India,East,2024-02-04,Wholesale
CUST00549,"Jackson, Moore and Becker",meganpotter@fernandez.biz,940.764.6867,Delhi,DL,India,East,2021-04-22,Retail
CUST00550,April King,jason99@brown.com,(572)536-2669,Los Angeles,CA,USA,East,2024-10-18,Wholesale
CUST00551,Perez LLC,patriciamartinez@willis.com,+1-345-901-8481x97374,Atlanta,GA,USA,West,2021-05-24,Wholesale
CUST00552,"Peterson, Nelson and Travis",qmassey@sims.org,(774)538-1199,Rotterdam,ZH,Netherlands,East,2024-12-21,E-commerce
CUST00553,Sara Richmond,gbrown@kirby-oconnor.com,+1-585-864-5101x7397,Chennai,TN,India,Central,2023-12-15,Wholesale
CUST00554,Richard Erickson,qobrien@williams-rodriguez.com,001-211-735-9966,Hamburg,HH,Germany,Central,2023-11-11,Retail
CUST00555,Phelps-Berry,bentleylisa@garner.com,001-620-751-4607,Delhi,DL,India,East,2024-09-19,Retail
CUST00556,William Wright,ubowers@lyons-walters.com,788.756.5271,Dallas,TX,USA,North,2023-09-16,Wholesale
CUST00557,"Trujillo, Church and Stewart",craig16@howell-fowler.biz,747.255.7522,Atlanta,GA,USA,South,2021-03-08,Enterprise
CUST00558,Susan Graves,katherine82@montgomery-jones.com,496-842-5856,Chennai,TN,India,North,2021-02-22,Wholesale
CUST00559,Robin Clay,christina15@ramos.com,+1-924-507-3333,Chennai,TN,India,North,2021-05-09,E-commerce
CUST00560,Vincent Mathews,amassey@arnold.net,001-769-564-5465,Chennai,TN,India,South,2022-03-24,E-commerce
CUST00561,Jones-Steele,michelle38@anderson.net,001-278-951-9358x374,Chicago,IL,USA,Central,2023-09-20,E-commerce
CUST00562,Jeffrey Benton Jr.,dhansen@woods-mccarthy.com,+1-651-649-4097x62637,Los Angeles,CA,USA,North,2022-04-12,E-commerce
CUST00563,"Lindsey, Romero and Russell",michelle90@webster.com,+1-318-762-3392x207,Chicago,IL,USA,South,2021-01-26,Retail
CUST00564,Berry-Rush,yballard@wells.com,(326)747-1246x335,Columbus,OH,USA,North,2022-11-19,Retail
CUST00565,David Suarez,hendrixbrian@davis-smith.net,3054640995,Dallas,TX,USA,West,2021-07-27,Retail
CUST00566,"Jimenez, Nichols and Daugherty",wigginsrita@brooks.com,427.309.0814x41529,Atlanta,GA,USA,South,2023-02-11,E-commerce
CUST00567,"Moore, Austin and Rogers",jmcfarland@bowers-raymond.net,253-752-3736,Mumbai,MH,India,West,2020-12-02,E-commerce
CUST00568,Cochran-Browning,abbottchristopher@flores.net,368.934.5273x46666,Hamburg,HH,Germany,Central,2020-09-29,Wholesale
CUST00569,Justin Lynch,tyler40@guerra.org,001-298-825-0800x4635,Columbus,OH,USA,North,2024-04-26,Wholesale
CUST00570,Cassandra Wood,lozanocorey@stafford.com,537-339-9006,Mumbai,MH,India,Central,2025-03-31,Wholesale
CUST00571,David Cervantes,tracey63@lowery-morales.com,(693)894-6943,Newark,NJ,USA,North,2024-01-29,Retail
CUST00572,Jason Ramirez,lisafreeman@smith.info,(731)411-2712,Chennai,TN,India,Central,2025-05-05,E-commerce
CUST00573,Moses-Espinoza,smitchell@foley-green.com,(531)287-3280x7711,Newark,NJ,USA,South,2024-10-16,E-commerce
CUST00574,Miller Ltd,allenchristina@rodgers-ramos.com,+1-583-235-0902x54257,Los Angeles,CA,USA,South,2022-08-01,Retail
CUST00575,Arroyo PLC,perezcourtney@barrett-gonzales.info,739-284-8228,Hamburg,HH,Germany,West,2021-03-08,Retail
CUST00576,Ortiz PLC,montgomerygeoffrey@wood-thomas.com,+1-330-260-9069x13098,Dallas,TX,USA,North,2023-11-14,Retail
CUST00577,Pineda-Newman,gina67@young.info,227.885.3242x6425,Hamburg,HH,Germany,North,2024-08-26,Wholesale
CUST00578,Joe Page,vanessamartinez@gomez.biz,577.567.5556x283,Mumbai,MH,India,West,2024-03-10,Wholesale
CUST00579,"Lee, Russo and Hopkins",rachel86@schneider-lewis.com,818.874.9603x3582,Chicago,IL,USA,South,2021-07-12,Enterprise
CUST00580,Johnson-Clark,joshuareese@hammond.com,(265)373-2759,Singapore,SG,Singapore,Central,2024-07-23,Enterprise
CUST00581,Smith Inc,melissa55@manning.com,659-659-7752,Hamburg,HH,Germany,East,2021-02-18,Wholesale
CUST00582,"Moore, Gilmore and Martin",patelchristine@hoffman.info,001-943-412-7102x676,Atlanta,GA,USA,Central,2024-06-17,Wholesale
CUST00583,"Watts, Meyers and Galvan",sethsmith@potts-knight.com,351-522-9462,Los Angeles,CA,USA,North,2025-06-07,Wholesale
CUST00584,Michael Rush,gomeztonya@smith-vance.biz,(754)438-4807,Mumbai,MH,India,Central,2020-11-19,E-commerce
CUST00585,Graves LLC,vferrell@nelson.info,+1-815-880-2909x04637,Columbus,OH,USA,West,2020-10-21,Enterprise
CUST00586,Melissa Rogers,vrussell@hahn.com,+1-337-244-1715,Mumbai,MH,India,South,2024-09-05,Enterprise
CUST00587,Sanchez and Sons,calvin93@shields.com,001-559-312-9751x9102,Delhi,DL,India,West,2021-07-21,Wholesale
CUST00588,Anna Hamilton,jasonlove@flores-moreno.info,479.227.4907,Los Angeles,CA,USA,South,2021-01-09,E-commerce
CUST00589,Deborah Humphrey,hollywarner@lopez.com,(869)649-6843,Delhi,DL,India,West,2024-09-30,E-commerce
CUST00590,"Allen, Smith and Zamora",juan21@brown.com,+1-661-770-1595x919,Atlanta,GA,USA,West,2022-11-18,Wholesale
CUST00591,"Shepherd, Wood and Evans",vedwards@perez.com,001-856-877-5677x722,Columbus,OH,USA,North,2025-05-17,E-commerce
CUST00592,Rachel James,reginaldsmith@whitehead.com,906-872-4530,Dallas,TX,USA,Central,2021-06-02,Wholesale
CUST00593,"Ramirez, Lee and Lawson",kreynolds@costa-brown.com,557-894-2387,Mumbai,MH,India,Central,2023-01-29,Retail
CUST00594,Lynn Morgan,gabriella69@george.com,552-759-7107x56335,Newark,NJ,USA,Central,2023-10-18,Wholesale
CUST00595,Buchanan-Peters,holly25@armstrong.org,837.497.0581,Columbus,OH,USA,East,2023-09-29,Retail
CUST00596,Moreno Group,carl63@joseph-cox.com,733.505.5978x2457,Newark,NJ,USA,North,2024-09-29,E-commerce
CUST00597,Tina Harper,phillipsbruce@mills.com,266.204.4324,Singapore,SG,Singapore,Central,2023-11-19,Wholesale
CUST00598,Miller-Marshall,seanreyes@wheeler.com,374-239-7429x250,Newark,NJ,USA,Central,2024-12-18,Enterprise
CUST00599,Jackie Stewart,opierce@lucas-foster.com,+1-304-459-9080x271,Mumbai,MH,India,West,2021-05-20,Enterprise
CUST00600,"Martin, Reeves and Davis",teresa51@cooper-jones.biz,+1-908-466-2813,Columbus,OH,USA,Central,2021-03-15,E-commerce
